Using pre-set license
Built from '2021.3/release' branch; Version is '2021.3.28f1 (232e59c3f087) revision 2305625'; Using compiler version '192829333'; Build Type 'Release'
OS: 'Windows 10  (10.0.19045) 64bit Professional' Language: 'uk' Physical Memory: 32716 MB
BatchMode: 1, IsHumanControllingUs: 0, StartBugReporterOnCrash: 0, Is64bit: 1, IsPro: 1

COMMAND LINE ARGUMENTS:
D:\unity\2021.3.28f1\Editor\Unity.exe
-adb2
-batchMode
-noUpm
-name
AssetImportWorker0
-projectPath
D:/unity/KursyRougeLike
-logFile
Logs/AssetImportWorker0.log
-srvPort
61398
Successfully changed project path to: D:/unity/KursyRougeLike
D:/unity/KursyRougeLike
[UnityMemory] Configuration Parameters - Can be set up in boot.config
    "memorysetup-bucket-allocator-granularity=16"
    "memorysetup-bucket-allocator-bucket-count=8"
    "memorysetup-bucket-allocator-block-size=33554432"
    "memorysetup-bucket-allocator-block-count=8"
    "memorysetup-main-allocator-block-size=16777216"
    "memorysetup-thread-allocator-block-size=16777216"
    "memorysetup-gfx-main-allocator-block-size=16777216"
    "memorysetup-gfx-thread-allocator-block-size=16777216"
    "memorysetup-cache-allocator-block-size=4194304"
    "memorysetup-typetree-allocator-block-size=2097152"
    "memorysetup-profiler-bucket-allocator-granularity=16"
    "memorysetup-profiler-bucket-allocator-bucket-count=8"
    "memorysetup-profiler-bucket-allocator-block-size=33554432"
    "memorysetup-profiler-bucket-allocator-block-count=8"
    "memorysetup-profiler-allocator-block-size=16777216"
    "memorysetup-profiler-editor-allocator-block-size=1048576"
    "memorysetup-temp-allocator-size-main=16777216"
    "memorysetup-job-temp-allocator-block-size=2097152"
    "memorysetup-job-temp-allocator-block-size-background=1048576"
    "memorysetup-job-temp-allocator-reduction-small-platforms=262144"
    "memorysetup-temp-allocator-size-background-worker=32768"
    "memorysetup-temp-allocator-size-job-worker=262144"
    "memorysetup-temp-allocator-size-preload-manager=33554432"
    "memorysetup-temp-allocator-size-nav-mesh-worker=65536"
    "memorysetup-temp-allocator-size-audio-worker=65536"
    "memorysetup-temp-allocator-size-cloud-worker=32768"
    "memorysetup-temp-allocator-size-gi-baking-worker=262144"
    "memorysetup-temp-allocator-size-gfx=262144"
Player connection [20056] Host "[IP] 26.56.171.80 [Port] 0 [Flags] 2 [Guid] 3197825051 [EditorId] 3197825051 [Version] 1048832 [Id] WindowsEditor(7,DESKTOP-B3OBJ4K) [Debug] 1 [PackageName] WindowsEditor [ProjectName] Editor" joined multi-casting on [225.0.0.222:54997]...

Player connection [20056] Host "[IP] 26.56.171.80 [Port] 0 [Flags] 2 [Guid] 3197825051 [EditorId] 3197825051 [Version] 1048832 [Id] WindowsEditor(7,DESKTOP-B3OBJ4K) [Debug] 1 [PackageName] WindowsEditor [ProjectName] Editor" joined alternative multi-casting on [225.0.0.222:34997]...

Refreshing native plugins compatible for Editor in 79.35 ms, found 3 plugins.
Preloading 0 native plugins for Editor in 0.00 ms.
Initialize engine version: 2021.3.28f1 (232e59c3f087)
[Subsystems] Discovering subsystems at path D:/unity/2021.3.28f1/Editor/Data/Resources/UnitySubsystems
[Subsystems] Discovering subsystems at path D:/unity/KursyRougeLike/Assets
GfxDevice: creating device client; threaded=0; jobified=0
Direct3D:
    Version:  Direct3D 11.0 [level 11.1]
    Renderer: NVIDIA GeForce RTX 3050 (ID=0x2584)
    Vendor:   NVIDIA
    VRAM:     6002 MB
    Driver:   32.0.15.7602
Initialize mono
Mono path[0] = 'D:/unity/2021.3.28f1/Editor/Data/Managed'
Mono path[1] = 'D:/unity/2021.3.28f1/Editor/Data/MonoBleedingEdge/lib/mono/unityjit-win32'
Mono config path = 'D:/unity/2021.3.28f1/Editor/Data/MonoBleedingEdge/etc'
Using monoOptions --debugger-agent=transport=dt_socket,embedding=1,server=y,suspend=n,address=127.0.0.1:56052
Begin MonoManager ReloadAssembly
Registering precompiled unity dll's ...
Register platform support module: D:/unity/2021.3.28f1/Editor/Data/PlaybackEngines/WindowsStandaloneSupport/UnityEditor.WindowsStandalone.Extensions.dll
Registered in 0.003259 seconds.
Native extension for WindowsStandalone target not found
Refreshing native plugins compatible for Editor in 93.54 ms, found 3 plugins.
Preloading 0 native plugins for Editor in 0.00 ms.
Mono: successfully reloaded assembly
- Completed reload, in  0.752 seconds
Domain Reload Profiling:
	ReloadAssembly (753ms)
		BeginReloadAssembly (86ms)
			ExecutionOrderSort (0ms)
			DisableScriptedObjects (0ms)
			BackupInstance (0ms)
			ReleaseScriptingObjects (0ms)
			CreateAndSetChildDomain (1ms)
		EndReloadAssembly (558ms)
			LoadAssemblies (85ms)
			RebuildTransferFunctionScriptingTraits (0ms)
			SetupTypeCache (137ms)
			ReleaseScriptCaches (0ms)
			RebuildScriptCaches (45ms)
			SetupLoadedEditorAssemblies (316ms)
				LogAssemblyErrors (0ms)
				InitializePlatformSupportModulesInManaged (9ms)
				SetLoadedEditorAssemblies (0ms)
				RefreshPlugins (94ms)
				BeforeProcessingInitializeOnLoad (1ms)
				ProcessInitializeOnLoadAttributes (158ms)
				ProcessInitializeOnLoadMethodAttributes (54ms)
				AfterProcessingInitializeOnLoad (0ms)
				EditorAssembliesLoaded (0ms)
			ExecutionOrderSort2 (0ms)
			AwakeInstancesAfterBackupRestoration (0ms)
Platform modules already initialized, skipping
Registering precompiled user dll's ...
Registered in 0.003862 seconds.
Begin MonoManager ReloadAssembly
Symbol file LoadedFromMemory doesn't match image D:\unity\KursyRougeLike\Library\PackageCache\com.unity.visualscripting@1.8.0\Editor\VisualScripting.Core\Dependencies\YamlDotNet\Unity.VisualScripting.YamlDotNet.dll
Symbol file LoadedFromMemory doesn't match image D:\unity\KursyRougeLike\Library\PackageCache\com.unity.visualscripting@1.8.0\Editor\VisualScripting.Core\Dependencies\DotNetZip\Unity.VisualScripting.IonicZip.dll
Native extension for WindowsStandalone target not found
Refreshing native plugins compatible for Editor in 0.45 ms, found 3 plugins.
Preloading 0 native plugins for Editor in 0.00 ms.
Mono: successfully reloaded assembly
- Completed reload, in  1.009 seconds
Domain Reload Profiling:
	ReloadAssembly (1009ms)
		BeginReloadAssembly (142ms)
			ExecutionOrderSort (0ms)
			DisableScriptedObjects (7ms)
			BackupInstance (0ms)
			ReleaseScriptingObjects (0ms)
			CreateAndSetChildDomain (20ms)
		EndReloadAssembly (759ms)
			LoadAssemblies (105ms)
			RebuildTransferFunctionScriptingTraits (0ms)
			SetupTypeCache (265ms)
			ReleaseScriptCaches (1ms)
			RebuildScriptCaches (51ms)
			SetupLoadedEditorAssemblies (328ms)
				LogAssemblyErrors (0ms)
				InitializePlatformSupportModulesInManaged (4ms)
				SetLoadedEditorAssemblies (0ms)
				RefreshPlugins (1ms)
				BeforeProcessingInitializeOnLoad (74ms)
				ProcessInitializeOnLoadAttributes (226ms)
				ProcessInitializeOnLoadMethodAttributes (20ms)
				AfterProcessingInitializeOnLoad (3ms)
				EditorAssembliesLoaded (0ms)
			ExecutionOrderSort2 (0ms)
			AwakeInstancesAfterBackupRestoration (6ms)
Platform modules already initialized, skipping
========================================================================
Worker process is ready to serve import requests
Launched and connected shader compiler UnityShaderCompiler.exe after 0.06 seconds
Refreshing native plugins compatible for Editor in 0.47 ms, found 3 plugins.
Preloading 0 native plugins for Editor in 0.00 ms.
Unloading 3051 Unused Serialized files (Serialized files now loaded: 0)
Unloading 22 unused Assets / (46.3 KB). Loaded Objects now: 3513.
Memory consumption went from 107.4 MB to 107.4 MB.
Total: 2.792600 ms (FindLiveObjects: 0.263300 ms CreateObjectMapping: 0.244300 ms MarkObjects: 2.209500 ms  DeleteObjects: 0.074600 ms)

AssetImportParameters requested are different than current active one (requested -> active):
  custom:video-decoder-ogg-theora: a1e56fd34408186e4bbccfd4996cb3dc -> 
  custom:container-muxer-webm: aa71ff27fc2769a1b78a27578f13a17b -> 
  custom:container-demuxer-webm: 4f35f7cbe854078d1ac9338744f61a02 -> 
  custom:video-encoder-webm-vp8: eb34c28f22e8b96e1ab97ce403110664 -> 
  custom:CustomObjectIndexerAttribute: bc11b3a6c3213fcdd17b65e7da85e133 -> 
  custom:audio-encoder-webm-vorbis: bf7c407c2cedff20999df2af8eb42d56 -> 
  custom:framework-win-MediaFoundation: 216162199b28c13a410421893ffa2e32 -> 
  custom:container-demuxer-ogg: 62fdf1f143b41e24485cea50d1cbac27 -> 
  custom:video-decoder-webm-vp8: 9c59270c3fd7afecdb556c50c9e8de78 -> 
  custom:audio-decoder-ogg-vorbis: bf7c407c2cedff20999df2af8eb42d56 -> 
========================================================================
Received Import Request.
  Time since last request: 17189.733080 seconds.
  path: Assets/Scenes
  artifactKey: Guid(f4e8ac41c0db3664d866ce12fbf39a16) Importer(815301076,1909f56bfc062723c751e8b465ee728b)
Start importing Assets/Scenes using Guid(f4e8ac41c0db3664d866ce12fbf39a16) Importer(815301076,1909f56bfc062723c751e8b465ee728b)  -> (artifact id: '009480ce29f2ed1ab87394f89be793ac') in 0.014528 seconds 
========================================================================
Received Import Request.
  Time since last request: 0.679151 seconds.
  path: Assets/Scenes/RougeLike.unity
  artifactKey: Guid(5adaa96b181930e4da3fc8e4798162b1) Importer(815301076,1909f56bfc062723c751e8b465ee728b)
Start importing Assets/Scenes/RougeLike.unity using Guid(5adaa96b181930e4da3fc8e4798162b1) Importer(815301076,1909f56bfc062723c751e8b465ee728b)  -> (artifact id: '64897caa9f6d55dcf1f898147f7e57cb') in 0.015216 seconds 
========================================================================
Received Import Request.
  Time since last request: 49.149237 seconds.
  path: Assets/Scenes/SampleScene.unity
  artifactKey: Guid(9fc0d4010bbf28b4594072e72b8655ab) Importer(815301076,1909f56bfc062723c751e8b465ee728b)
Start importing Assets/Scenes/SampleScene.unity using Guid(9fc0d4010bbf28b4594072e72b8655ab) Importer(815301076,1909f56bfc062723c751e8b465ee728b)  -> (artifact id: 'e55ccaa32d8e5c1de03c07a5412c8c3c') in 0.014046 seconds 
========================================================================
Received Import Request.
  Time since last request: 295.146480 seconds.
  path: Assets/BackgroundGreyGridSprite.png
  artifactKey: Guid(5887b367cde894e409d73cbe9a0cbb41) Importer(815301076,1909f56bfc062723c751e8b465ee728b)
Start importing Assets/BackgroundGreyGridSprite.png using Guid(5887b367cde894e409d73cbe9a0cbb41) Importer(815301076,1909f56bfc062723c751e8b465ee728b)  -> (artifact id: 'd281be509be31c620d19deb0d1a5f61c') in 0.083616 seconds 
========================================================================
Received Import Request.
  Time since last request: 332.778116 seconds.
  path: Assets
  artifactKey: Guid(00000000000000001000000000000000) Importer(815301076,1909f56bfc062723c751e8b465ee728b)
Start importing Assets using Guid(00000000000000001000000000000000) Importer(815301076,1909f56bfc062723c751e8b465ee728b)  -> (artifact id: '79842766b460edbeab6a34051e857a80') in 0.014294 seconds 
========================================================================
Received Import Request.
  Time since last request: 6.535960 seconds.
  path: Assets/Shaders
  artifactKey: Guid(cf9fcd2e7d858d2479bf67ba78de9d79) Importer(815301076,1909f56bfc062723c751e8b465ee728b)
Start importing Assets/Shaders using Guid(cf9fcd2e7d858d2479bf67ba78de9d79) Importer(815301076,1909f56bfc062723c751e8b465ee728b)  -> (artifact id: 'ed8e74a6e8e8233ff069557241ab21fb') in 0.013206 seconds 
========================================================================
Received Import Request.
  Time since last request: 93.972441 seconds.
  path: Assets/Shaders/Fixed.shader
  artifactKey: Guid(db603b28f36fb084fab22671a60ae591) Importer(815301076,1909f56bfc062723c751e8b465ee728b)
Start importing Assets/Shaders/Fixed.shader using Guid(db603b28f36fb084fab22671a60ae591) Importer(815301076,1909f56bfc062723c751e8b465ee728b)  -> (artifact id: 'a6d944831ca13ae708a8c974bd20e31e') in 0.025955 seconds 
========================================================================
Received Import Request.
  Time since last request: 9.415333 seconds.
  path: Assets/Shaders/FixedTextureSize.shader
  artifactKey: Guid(db603b28f36fb084fab22671a60ae591) Importer(815301076,1909f56bfc062723c751e8b465ee728b)
Start importing Assets/Shaders/FixedTextureSize.shader using Guid(db603b28f36fb084fab22671a60ae591) Importer(815301076,1909f56bfc062723c751e8b465ee728b)  -> (artifact id: '750d647aed1f56af30ab1199471c83f8') in 0.014376 seconds 
========================================================================
Received Import Request.
  Time since last request: 65.426340 seconds.
  path: Assets/Shaders/FixedTextureSize.shader
  artifactKey: Guid(db603b28f36fb084fab22671a60ae591) Importer(815301076,1909f56bfc062723c751e8b465ee728b)
Start importing Assets/Shaders/FixedTextureSize.shader using Guid(db603b28f36fb084fab22671a60ae591) Importer(815301076,1909f56bfc062723c751e8b465ee728b)  -> (artifact id: 'c18db2b4c0e90847e6bc1ea182c81aa3') in 0.005641 seconds 
========================================================================
Received Import Request.
  Time since last request: 127.080657 seconds.
  path: Assets/Shaders/FixedTextureSize.shader
  artifactKey: Guid(db603b28f36fb084fab22671a60ae591) Importer(815301076,1909f56bfc062723c751e8b465ee728b)
Start importing Assets/Shaders/FixedTextureSize.shader using Guid(db603b28f36fb084fab22671a60ae591) Importer(815301076,1909f56bfc062723c751e8b465ee728b)  -> (artifact id: 'aaa92ff139d1848f9342a11d3fd3abd1') in 0.005889 seconds 
========================================================================
Received Import Request.
  Time since last request: 331.025289 seconds.
  path: Assets/Shaders/FixedTextureSize.shader
  artifactKey: Guid(db603b28f36fb084fab22671a60ae591) Importer(815301076,1909f56bfc062723c751e8b465ee728b)
Start importing Assets/Shaders/FixedTextureSize.shader using Guid(db603b28f36fb084fab22671a60ae591) Importer(815301076,1909f56bfc062723c751e8b465ee728b)  -> (artifact id: '79d3bb569e76fb33b369c6da88f67cad') in 0.014223 seconds 
========================================================================
Received Import Request.
  Time since last request: 239.940206 seconds.
  path: Assets/Scripts
  artifactKey: Guid(cf83c94ba4bc1814baccc7585e8ac1bf) Importer(815301076,1909f56bfc062723c751e8b465ee728b)
Start importing Assets/Scripts using Guid(cf83c94ba4bc1814baccc7585e8ac1bf) Importer(815301076,1909f56bfc062723c751e8b465ee728b)  -> (artifact id: 'd15e4dadf068d527319d6a286897006b') in 0.009218 seconds 
========================================================================
Received Import Request.
  Time since last request: 52.574218 seconds.
  path: Assets/Scenes/RougeLike.unity
  artifactKey: Guid(5adaa96b181930e4da3fc8e4798162b1) Importer(815301076,1909f56bfc062723c751e8b465ee728b)
Start importing Assets/Scenes/RougeLike.unity using Guid(5adaa96b181930e4da3fc8e4798162b1) Importer(815301076,1909f56bfc062723c751e8b465ee728b)  -> (artifact id: '8d7d90dc06d33ade167a031f1f88fe36') in 0.002718 seconds 
========================================================================
Received Import Request.
  Time since last request: 63.374256 seconds.
  path: Assets/Scripts/Generation.cs
  artifactKey: Guid(0efc98f789c32c04aa7e3ab3fddec655) Importer(815301076,1909f56bfc062723c751e8b465ee728b)
Start importing Assets/Scripts/Generation.cs using Guid(0efc98f789c32c04aa7e3ab3fddec655) Importer(815301076,1909f56bfc062723c751e8b465ee728b)  -> (artifact id: '99322e6e47f702dedc48fc79d0223b3e') in 0.051150 seconds 
========================================================================
Received Prepare
Registering precompiled user dll's ...
Registered in 0.003474 seconds.
Begin MonoManager ReloadAssembly
Symbol file LoadedFromMemory doesn't match image D:\unity\KursyRougeLike\Library\PackageCache\com.unity.visualscripting@1.8.0\Editor\VisualScripting.Core\Dependencies\YamlDotNet\Unity.VisualScripting.YamlDotNet.dll
Symbol file LoadedFromMemory doesn't match image D:\unity\KursyRougeLike\Library\PackageCache\com.unity.visualscripting@1.8.0\Editor\VisualScripting.Core\Dependencies\DotNetZip\Unity.VisualScripting.IonicZip.dll
Native extension for WindowsStandalone target not found
Refreshing native plugins compatible for Editor in 0.44 ms, found 3 plugins.
Preloading 0 native plugins for Editor in 0.00 ms.
Mono: successfully reloaded assembly
- Completed reload, in  1.644 seconds
Domain Reload Profiling:
	ReloadAssembly (1644ms)
		BeginReloadAssembly (296ms)
			ExecutionOrderSort (0ms)
			DisableScriptedObjects (6ms)
			BackupInstance (0ms)
			ReleaseScriptingObjects (0ms)
			CreateAndSetChildDomain (72ms)
		EndReloadAssembly (1160ms)
			LoadAssemblies (184ms)
			RebuildTransferFunctionScriptingTraits (0ms)
			SetupTypeCache (603ms)
			ReleaseScriptCaches (1ms)
			RebuildScriptCaches (55ms)
			SetupLoadedEditorAssemblies (371ms)
				LogAssemblyErrors (0ms)
				InitializePlatformSupportModulesInManaged (5ms)
				SetLoadedEditorAssemblies (1ms)
				RefreshPlugins (1ms)
				BeforeProcessingInitializeOnLoad (90ms)
				ProcessInitializeOnLoadAttributes (245ms)
				ProcessInitializeOnLoadMethodAttributes (26ms)
				AfterProcessingInitializeOnLoad (3ms)
				EditorAssembliesLoaded (0ms)
			ExecutionOrderSort2 (0ms)
			AwakeInstancesAfterBackupRestoration (9ms)
Platform modules already initialized, skipping
Refreshing native plugins compatible for Editor in 2.00 ms, found 3 plugins.
Preloading 0 native plugins for Editor in 0.00 ms.
Unloading 3046 Unused Serialized files (Serialized files now loaded: 0)
Unloading 16 unused Assets / (45.9 KB). Loaded Objects now: 3521.
Memory consumption went from 107.7 MB to 107.7 MB.
Total: 8.097400 ms (FindLiveObjects: 0.253900 ms CreateObjectMapping: 0.182400 ms MarkObjects: 7.489800 ms  DeleteObjects: 0.169300 ms)

AssetImportParameters requested are different than current active one (requested -> active):
  custom:video-decoder-ogg-theora: a1e56fd34408186e4bbccfd4996cb3dc -> 
  custom:container-muxer-webm: aa71ff27fc2769a1b78a27578f13a17b -> 
  custom:container-demuxer-webm: 4f35f7cbe854078d1ac9338744f61a02 -> 
  custom:video-encoder-webm-vp8: eb34c28f22e8b96e1ab97ce403110664 -> 
  custom:CustomObjectIndexerAttribute: bc11b3a6c3213fcdd17b65e7da85e133 -> 
  custom:audio-encoder-webm-vorbis: bf7c407c2cedff20999df2af8eb42d56 -> 
  custom:framework-win-MediaFoundation: 216162199b28c13a410421893ffa2e32 -> 
  custom:container-demuxer-ogg: 62fdf1f143b41e24485cea50d1cbac27 -> 
  custom:video-decoder-webm-vp8: 9c59270c3fd7afecdb556c50c9e8de78 -> 
  custom:audio-decoder-ogg-vorbis: bf7c407c2cedff20999df2af8eb42d56 -> 
========================================================================
Received Prepare
Registering precompiled user dll's ...
Registered in 0.003178 seconds.
Begin MonoManager ReloadAssembly
Symbol file LoadedFromMemory doesn't match image D:\unity\KursyRougeLike\Library\PackageCache\com.unity.visualscripting@1.8.0\Editor\VisualScripting.Core\Dependencies\YamlDotNet\Unity.VisualScripting.YamlDotNet.dll
Symbol file LoadedFromMemory doesn't match image D:\unity\KursyRougeLike\Library\PackageCache\com.unity.visualscripting@1.8.0\Editor\VisualScripting.Core\Dependencies\DotNetZip\Unity.VisualScripting.IonicZip.dll
Native extension for WindowsStandalone target not found
Refreshing native plugins compatible for Editor in 0.65 ms, found 3 plugins.
Preloading 0 native plugins for Editor in 0.00 ms.
Mono: successfully reloaded assembly
- Completed reload, in  1.120 seconds
Domain Reload Profiling:
	ReloadAssembly (1121ms)
		BeginReloadAssembly (151ms)
			ExecutionOrderSort (0ms)
			DisableScriptedObjects (6ms)
			BackupInstance (0ms)
			ReleaseScriptingObjects (0ms)
			CreateAndSetChildDomain (38ms)
		EndReloadAssembly (870ms)
			LoadAssemblies (99ms)
			RebuildTransferFunctionScriptingTraits (0ms)
			SetupTypeCache (329ms)
			ReleaseScriptCaches (2ms)
			RebuildScriptCaches (50ms)
			SetupLoadedEditorAssemblies (333ms)
				LogAssemblyErrors (0ms)
				InitializePlatformSupportModulesInManaged (12ms)
				SetLoadedEditorAssemblies (0ms)
				RefreshPlugins (1ms)
				BeforeProcessingInitializeOnLoad (69ms)
				ProcessInitializeOnLoadAttributes (225ms)
				ProcessInitializeOnLoadMethodAttributes (22ms)
				AfterProcessingInitializeOnLoad (3ms)
				EditorAssembliesLoaded (0ms)
			ExecutionOrderSort2 (0ms)
			AwakeInstancesAfterBackupRestoration (7ms)
Platform modules already initialized, skipping
Refreshing native plugins compatible for Editor in 1.35 ms, found 3 plugins.
Preloading 0 native plugins for Editor in 0.00 ms.
Unloading 3046 Unused Serialized files (Serialized files now loaded: 0)
Unloading 16 unused Assets / (45.9 KB). Loaded Objects now: 3524.
Memory consumption went from 107.7 MB to 107.7 MB.
Total: 3.243400 ms (FindLiveObjects: 0.239700 ms CreateObjectMapping: 0.149000 ms MarkObjects: 2.783600 ms  DeleteObjects: 0.069900 ms)

AssetImportParameters requested are different than current active one (requested -> active):
  custom:video-decoder-ogg-theora: a1e56fd34408186e4bbccfd4996cb3dc -> 
  custom:container-muxer-webm: aa71ff27fc2769a1b78a27578f13a17b -> 
  custom:container-demuxer-webm: 4f35f7cbe854078d1ac9338744f61a02 -> 
  custom:video-encoder-webm-vp8: eb34c28f22e8b96e1ab97ce403110664 -> 
  custom:CustomObjectIndexerAttribute: bc11b3a6c3213fcdd17b65e7da85e133 -> 
  custom:audio-encoder-webm-vorbis: bf7c407c2cedff20999df2af8eb42d56 -> 
  custom:framework-win-MediaFoundation: 216162199b28c13a410421893ffa2e32 -> 
  custom:container-demuxer-ogg: 62fdf1f143b41e24485cea50d1cbac27 -> 
  custom:video-decoder-webm-vp8: 9c59270c3fd7afecdb556c50c9e8de78 -> 
  custom:audio-decoder-ogg-vorbis: bf7c407c2cedff20999df2af8eb42d56 -> 
========================================================================
Received Import Request.
  Time since last request: 963.650987 seconds.
  path: Assets/Scenes/Rooms.unity
  artifactKey: Guid(5adaa96b181930e4da3fc8e4798162b1) Importer(815301076,1909f56bfc062723c751e8b465ee728b)
Start importing Assets/Scenes/Rooms.unity using Guid(5adaa96b181930e4da3fc8e4798162b1) Importer(815301076,1909f56bfc062723c751e8b465ee728b)  -> (artifact id: 'a37d1e96525d419e61eb747d11370b0d') in 0.028183 seconds 
========================================================================
Received Import Request.
  Time since last request: 8.509220 seconds.
  path: Assets/Scenes/SampleScene.unity
  artifactKey: Guid(9fc0d4010bbf28b4594072e72b8655ab) Importer(815301076,1909f56bfc062723c751e8b465ee728b)
Start importing Assets/Scenes/SampleScene.unity using Guid(9fc0d4010bbf28b4594072e72b8655ab) Importer(815301076,1909f56bfc062723c751e8b465ee728b)  -> (artifact id: '91f5b2b86610ab743b9a2b1a15b0f3c7') in 0.003223 seconds 
========================================================================
Received Import Request.
  Time since last request: 154.555654 seconds.
  path: Assets/Scripts/Generation.cs
  artifactKey: Guid(0efc98f789c32c04aa7e3ab3fddec655) Importer(815301076,1909f56bfc062723c751e8b465ee728b)
Start importing Assets/Scripts/Generation.cs using Guid(0efc98f789c32c04aa7e3ab3fddec655) Importer(815301076,1909f56bfc062723c751e8b465ee728b)  -> (artifact id: '3f3be680eff0876a62b8c9be7d3a36de') in 0.003470 seconds 
========================================================================
Received Prepare
Registering precompiled user dll's ...
Registered in 0.003770 seconds.
Begin MonoManager ReloadAssembly
Symbol file LoadedFromMemory doesn't match image D:\unity\KursyRougeLike\Library\PackageCache\com.unity.visualscripting@1.8.0\Editor\VisualScripting.Core\Dependencies\YamlDotNet\Unity.VisualScripting.YamlDotNet.dll
Symbol file LoadedFromMemory doesn't match image D:\unity\KursyRougeLike\Library\PackageCache\com.unity.visualscripting@1.8.0\Editor\VisualScripting.Core\Dependencies\DotNetZip\Unity.VisualScripting.IonicZip.dll
Native extension for WindowsStandalone target not found
Refreshing native plugins compatible for Editor in 0.46 ms, found 3 plugins.
Preloading 0 native plugins for Editor in 0.00 ms.
Mono: successfully reloaded assembly
- Completed reload, in  1.026 seconds
Domain Reload Profiling:
	ReloadAssembly (1026ms)
		BeginReloadAssembly (143ms)
			ExecutionOrderSort (0ms)
			DisableScriptedObjects (7ms)
			BackupInstance (0ms)
			ReleaseScriptingObjects (0ms)
			CreateAndSetChildDomain (33ms)
		EndReloadAssembly (793ms)
			LoadAssemblies (88ms)
			RebuildTransferFunctionScriptingTraits (0ms)
			SetupTypeCache (285ms)
			ReleaseScriptCaches (2ms)
			RebuildScriptCaches (48ms)
			SetupLoadedEditorAssemblies (332ms)
				LogAssemblyErrors (0ms)
				InitializePlatformSupportModulesInManaged (4ms)
				SetLoadedEditorAssemblies (0ms)
				RefreshPlugins (1ms)
				BeforeProcessingInitializeOnLoad (58ms)
				ProcessInitializeOnLoadAttributes (247ms)
				ProcessInitializeOnLoadMethodAttributes (19ms)
				AfterProcessingInitializeOnLoad (3ms)
				EditorAssembliesLoaded (0ms)
			ExecutionOrderSort2 (0ms)
			AwakeInstancesAfterBackupRestoration (6ms)
Platform modules already initialized, skipping
Refreshing native plugins compatible for Editor in 1.35 ms, found 3 plugins.
Preloading 0 native plugins for Editor in 0.00 ms.
Unloading 3046 Unused Serialized files (Serialized files now loaded: 0)
Unloading 16 unused Assets / (45.9 KB). Loaded Objects now: 3527.
Memory consumption went from 107.8 MB to 107.7 MB.
Total: 3.346800 ms (FindLiveObjects: 0.245100 ms CreateObjectMapping: 0.153100 ms MarkObjects: 2.871600 ms  DeleteObjects: 0.075700 ms)

AssetImportParameters requested are different than current active one (requested -> active):
  custom:video-decoder-ogg-theora: a1e56fd34408186e4bbccfd4996cb3dc -> 
  custom:container-muxer-webm: aa71ff27fc2769a1b78a27578f13a17b -> 
  custom:container-demuxer-webm: 4f35f7cbe854078d1ac9338744f61a02 -> 
  custom:video-encoder-webm-vp8: eb34c28f22e8b96e1ab97ce403110664 -> 
  custom:CustomObjectIndexerAttribute: bc11b3a6c3213fcdd17b65e7da85e133 -> 
  custom:audio-encoder-webm-vorbis: bf7c407c2cedff20999df2af8eb42d56 -> 
  custom:framework-win-MediaFoundation: 216162199b28c13a410421893ffa2e32 -> 
  custom:container-demuxer-ogg: 62fdf1f143b41e24485cea50d1cbac27 -> 
  custom:video-decoder-webm-vp8: 9c59270c3fd7afecdb556c50c9e8de78 -> 
  custom:audio-decoder-ogg-vorbis: bf7c407c2cedff20999df2af8eb42d56 -> 
========================================================================
Received Prepare
Registering precompiled user dll's ...
Registered in 0.003325 seconds.
Begin MonoManager ReloadAssembly
Symbol file LoadedFromMemory doesn't match image D:\unity\KursyRougeLike\Library\PackageCache\com.unity.visualscripting@1.8.0\Editor\VisualScripting.Core\Dependencies\YamlDotNet\Unity.VisualScripting.YamlDotNet.dll
Symbol file LoadedFromMemory doesn't match image D:\unity\KursyRougeLike\Library\PackageCache\com.unity.visualscripting@1.8.0\Editor\VisualScripting.Core\Dependencies\DotNetZip\Unity.VisualScripting.IonicZip.dll
Native extension for WindowsStandalone target not found
Refreshing native plugins compatible for Editor in 0.57 ms, found 3 plugins.
Preloading 0 native plugins for Editor in 0.00 ms.
Mono: successfully reloaded assembly
- Completed reload, in  1.016 seconds
Domain Reload Profiling:
	ReloadAssembly (1017ms)
		BeginReloadAssembly (155ms)
			ExecutionOrderSort (0ms)
			DisableScriptedObjects (6ms)
			BackupInstance (0ms)
			ReleaseScriptingObjects (0ms)
			CreateAndSetChildDomain (35ms)
		EndReloadAssembly (758ms)
			LoadAssemblies (100ms)
			RebuildTransferFunctionScriptingTraits (0ms)
			SetupTypeCache (270ms)
			ReleaseScriptCaches (1ms)
			RebuildScriptCaches (43ms)
			SetupLoadedEditorAssemblies (304ms)
				LogAssemblyErrors (0ms)
				InitializePlatformSupportModulesInManaged (4ms)
				SetLoadedEditorAssemblies (0ms)
				RefreshPlugins (1ms)
				BeforeProcessingInitializeOnLoad (62ms)
				ProcessInitializeOnLoadAttributes (214ms)
				ProcessInitializeOnLoadMethodAttributes (19ms)
				AfterProcessingInitializeOnLoad (3ms)
				EditorAssembliesLoaded (0ms)
			ExecutionOrderSort2 (0ms)
			AwakeInstancesAfterBackupRestoration (7ms)
Platform modules already initialized, skipping
Refreshing native plugins compatible for Editor in 1.51 ms, found 3 plugins.
Preloading 0 native plugins for Editor in 0.00 ms.
Unloading 3046 Unused Serialized files (Serialized files now loaded: 0)
Unloading 16 unused Assets / (46.0 KB). Loaded Objects now: 3530.
Memory consumption went from 107.8 MB to 107.7 MB.
Total: 2.914900 ms (FindLiveObjects: 0.268000 ms CreateObjectMapping: 0.189100 ms MarkObjects: 2.388200 ms  DeleteObjects: 0.068200 ms)

AssetImportParameters requested are different than current active one (requested -> active):
  custom:video-decoder-ogg-theora: a1e56fd34408186e4bbccfd4996cb3dc -> 
  custom:container-muxer-webm: aa71ff27fc2769a1b78a27578f13a17b -> 
  custom:container-demuxer-webm: 4f35f7cbe854078d1ac9338744f61a02 -> 
  custom:video-encoder-webm-vp8: eb34c28f22e8b96e1ab97ce403110664 -> 
  custom:CustomObjectIndexerAttribute: bc11b3a6c3213fcdd17b65e7da85e133 -> 
  custom:audio-encoder-webm-vorbis: bf7c407c2cedff20999df2af8eb42d56 -> 
  custom:framework-win-MediaFoundation: 216162199b28c13a410421893ffa2e32 -> 
  custom:container-demuxer-ogg: 62fdf1f143b41e24485cea50d1cbac27 -> 
  custom:video-decoder-webm-vp8: 9c59270c3fd7afecdb556c50c9e8de78 -> 
  custom:audio-decoder-ogg-vorbis: bf7c407c2cedff20999df2af8eb42d56 -> 
========================================================================
Received Prepare
Registering precompiled user dll's ...
Registered in 0.003656 seconds.
Begin MonoManager ReloadAssembly
Symbol file LoadedFromMemory doesn't match image D:\unity\KursyRougeLike\Library\PackageCache\com.unity.visualscripting@1.8.0\Editor\VisualScripting.Core\Dependencies\YamlDotNet\Unity.VisualScripting.YamlDotNet.dll
Symbol file LoadedFromMemory doesn't match image D:\unity\KursyRougeLike\Library\PackageCache\com.unity.visualscripting@1.8.0\Editor\VisualScripting.Core\Dependencies\DotNetZip\Unity.VisualScripting.IonicZip.dll
Native extension for WindowsStandalone target not found
Refreshing native plugins compatible for Editor in 0.50 ms, found 3 plugins.
Preloading 0 native plugins for Editor in 0.00 ms.
Mono: successfully reloaded assembly
- Completed reload, in  1.212 seconds
Domain Reload Profiling:
	ReloadAssembly (1212ms)
		BeginReloadAssembly (161ms)
			ExecutionOrderSort (0ms)
			DisableScriptedObjects (9ms)
			BackupInstance (0ms)
			ReleaseScriptingObjects (0ms)
			CreateAndSetChildDomain (36ms)
		EndReloadAssembly (922ms)
			LoadAssemblies (101ms)
			RebuildTransferFunctionScriptingTraits (0ms)
			SetupTypeCache (356ms)
			ReleaseScriptCaches (1ms)
			RebuildScriptCaches (71ms)
			SetupLoadedEditorAssemblies (312ms)
				LogAssemblyErrors (0ms)
				InitializePlatformSupportModulesInManaged (4ms)
				SetLoadedEditorAssemblies (0ms)
				RefreshPlugins (1ms)
				BeforeProcessingInitializeOnLoad (62ms)
				ProcessInitializeOnLoadAttributes (214ms)
				ProcessInitializeOnLoadMethodAttributes (27ms)
				AfterProcessingInitializeOnLoad (4ms)
				EditorAssembliesLoaded (0ms)
			ExecutionOrderSort2 (0ms)
			AwakeInstancesAfterBackupRestoration (10ms)
Platform modules already initialized, skipping
Refreshing native plugins compatible for Editor in 4.82 ms, found 3 plugins.
Preloading 0 native plugins for Editor in 0.00 ms.
Unloading 3046 Unused Serialized files (Serialized files now loaded: 0)
Unloading 16 unused Assets / (46.0 KB). Loaded Objects now: 3533.
Memory consumption went from 107.8 MB to 107.7 MB.
Total: 3.975000 ms (FindLiveObjects: 0.258800 ms CreateObjectMapping: 0.324600 ms MarkObjects: 3.318500 ms  DeleteObjects: 0.072100 ms)

AssetImportParameters requested are different than current active one (requested -> active):
  custom:video-decoder-ogg-theora: a1e56fd34408186e4bbccfd4996cb3dc -> 
  custom:container-muxer-webm: aa71ff27fc2769a1b78a27578f13a17b -> 
  custom:container-demuxer-webm: 4f35f7cbe854078d1ac9338744f61a02 -> 
  custom:video-encoder-webm-vp8: eb34c28f22e8b96e1ab97ce403110664 -> 
  custom:CustomObjectIndexerAttribute: bc11b3a6c3213fcdd17b65e7da85e133 -> 
  custom:audio-encoder-webm-vorbis: bf7c407c2cedff20999df2af8eb42d56 -> 
  custom:framework-win-MediaFoundation: 216162199b28c13a410421893ffa2e32 -> 
  custom:container-demuxer-ogg: 62fdf1f143b41e24485cea50d1cbac27 -> 
  custom:video-decoder-webm-vp8: 9c59270c3fd7afecdb556c50c9e8de78 -> 
  custom:audio-decoder-ogg-vorbis: bf7c407c2cedff20999df2af8eb42d56 -> 
========================================================================
Received Prepare
Registering precompiled user dll's ...
Registered in 0.004254 seconds.
Begin MonoManager ReloadAssembly
Symbol file LoadedFromMemory doesn't match image D:\unity\KursyRougeLike\Library\PackageCache\com.unity.visualscripting@1.8.0\Editor\VisualScripting.Core\Dependencies\YamlDotNet\Unity.VisualScripting.YamlDotNet.dll
Symbol file LoadedFromMemory doesn't match image D:\unity\KursyRougeLike\Library\PackageCache\com.unity.visualscripting@1.8.0\Editor\VisualScripting.Core\Dependencies\DotNetZip\Unity.VisualScripting.IonicZip.dll
Native extension for WindowsStandalone target not found
Refreshing native plugins compatible for Editor in 0.63 ms, found 3 plugins.
Preloading 0 native plugins for Editor in 0.00 ms.
Mono: successfully reloaded assembly
- Completed reload, in  1.054 seconds
Domain Reload Profiling:
	ReloadAssembly (1055ms)
		BeginReloadAssembly (145ms)
			ExecutionOrderSort (0ms)
			DisableScriptedObjects (6ms)
			BackupInstance (0ms)
			ReleaseScriptingObjects (0ms)
			CreateAndSetChildDomain (34ms)
		EndReloadAssembly (814ms)
			LoadAssemblies (92ms)
			RebuildTransferFunctionScriptingTraits (0ms)
			SetupTypeCache (291ms)
			ReleaseScriptCaches (2ms)
			RebuildScriptCaches (45ms)
			SetupLoadedEditorAssemblies (354ms)
				LogAssemblyErrors (0ms)
				InitializePlatformSupportModulesInManaged (4ms)
				SetLoadedEditorAssemblies (0ms)
				RefreshPlugins (1ms)
				BeforeProcessingInitializeOnLoad (75ms)
				ProcessInitializeOnLoadAttributes (250ms)
				ProcessInitializeOnLoadMethodAttributes (20ms)
				AfterProcessingInitializeOnLoad (3ms)
				EditorAssembliesLoaded (0ms)
			ExecutionOrderSort2 (0ms)
			AwakeInstancesAfterBackupRestoration (7ms)
Platform modules already initialized, skipping
Refreshing native plugins compatible for Editor in 1.49 ms, found 3 plugins.
Preloading 0 native plugins for Editor in 0.00 ms.
Unloading 3046 Unused Serialized files (Serialized files now loaded: 0)
Unloading 16 unused Assets / (45.9 KB). Loaded Objects now: 3536.
Memory consumption went from 107.8 MB to 107.7 MB.
Total: 3.108400 ms (FindLiveObjects: 0.387300 ms CreateObjectMapping: 0.370100 ms MarkObjects: 2.279700 ms  DeleteObjects: 0.070000 ms)

AssetImportParameters requested are different than current active one (requested -> active):
  custom:video-decoder-ogg-theora: a1e56fd34408186e4bbccfd4996cb3dc -> 
  custom:container-muxer-webm: aa71ff27fc2769a1b78a27578f13a17b -> 
  custom:container-demuxer-webm: 4f35f7cbe854078d1ac9338744f61a02 -> 
  custom:video-encoder-webm-vp8: eb34c28f22e8b96e1ab97ce403110664 -> 
  custom:CustomObjectIndexerAttribute: bc11b3a6c3213fcdd17b65e7da85e133 -> 
  custom:audio-encoder-webm-vorbis: bf7c407c2cedff20999df2af8eb42d56 -> 
  custom:framework-win-MediaFoundation: 216162199b28c13a410421893ffa2e32 -> 
  custom:container-demuxer-ogg: 62fdf1f143b41e24485cea50d1cbac27 -> 
  custom:video-decoder-webm-vp8: 9c59270c3fd7afecdb556c50c9e8de78 -> 
  custom:audio-decoder-ogg-vorbis: bf7c407c2cedff20999df2af8eb42d56 -> 
========================================================================
Received Prepare
Registering precompiled user dll's ...
Registered in 0.004767 seconds.
Begin MonoManager ReloadAssembly
Symbol file LoadedFromMemory doesn't match image D:\unity\KursyRougeLike\Library\PackageCache\com.unity.visualscripting@1.8.0\Editor\VisualScripting.Core\Dependencies\YamlDotNet\Unity.VisualScripting.YamlDotNet.dll
Symbol file LoadedFromMemory doesn't match image D:\unity\KursyRougeLike\Library\PackageCache\com.unity.visualscripting@1.8.0\Editor\VisualScripting.Core\Dependencies\DotNetZip\Unity.VisualScripting.IonicZip.dll
Native extension for WindowsStandalone target not found
Refreshing native plugins compatible for Editor in 0.45 ms, found 3 plugins.
Preloading 0 native plugins for Editor in 0.00 ms.
Mono: successfully reloaded assembly
- Completed reload, in  1.109 seconds
Domain Reload Profiling:
	ReloadAssembly (1110ms)
		BeginReloadAssembly (143ms)
			ExecutionOrderSort (0ms)
			DisableScriptedObjects (7ms)
			BackupInstance (0ms)
			ReleaseScriptingObjects (0ms)
			CreateAndSetChildDomain (36ms)
		EndReloadAssembly (864ms)
			LoadAssemblies (94ms)
			RebuildTransferFunctionScriptingTraits (0ms)
			SetupTypeCache (305ms)
			ReleaseScriptCaches (1ms)
			RebuildScriptCaches (48ms)
			SetupLoadedEditorAssemblies (371ms)
				LogAssemblyErrors (0ms)
				InitializePlatformSupportModulesInManaged (4ms)
				SetLoadedEditorAssemblies (0ms)
				RefreshPlugins (1ms)
				BeforeProcessingInitializeOnLoad (62ms)
				ProcessInitializeOnLoadAttributes (278ms)
				ProcessInitializeOnLoadMethodAttributes (24ms)
				AfterProcessingInitializeOnLoad (3ms)
				EditorAssembliesLoaded (0ms)
			ExecutionOrderSort2 (0ms)
			AwakeInstancesAfterBackupRestoration (7ms)
Platform modules already initialized, skipping
Refreshing native plugins compatible for Editor in 3.85 ms, found 3 plugins.
Preloading 0 native plugins for Editor in 0.00 ms.
Unloading 3046 Unused Serialized files (Serialized files now loaded: 0)
Unloading 16 unused Assets / (45.9 KB). Loaded Objects now: 3539.
Memory consumption went from 107.8 MB to 107.7 MB.
Total: 4.717900 ms (FindLiveObjects: 0.293900 ms CreateObjectMapping: 0.206300 ms MarkObjects: 4.134600 ms  DeleteObjects: 0.081900 ms)

AssetImportParameters requested are different than current active one (requested -> active):
  custom:video-decoder-ogg-theora: a1e56fd34408186e4bbccfd4996cb3dc -> 
  custom:container-muxer-webm: aa71ff27fc2769a1b78a27578f13a17b -> 
  custom:container-demuxer-webm: 4f35f7cbe854078d1ac9338744f61a02 -> 
  custom:video-encoder-webm-vp8: eb34c28f22e8b96e1ab97ce403110664 -> 
  custom:CustomObjectIndexerAttribute: bc11b3a6c3213fcdd17b65e7da85e133 -> 
  custom:audio-encoder-webm-vorbis: bf7c407c2cedff20999df2af8eb42d56 -> 
  custom:framework-win-MediaFoundation: 216162199b28c13a410421893ffa2e32 -> 
  custom:container-demuxer-ogg: 62fdf1f143b41e24485cea50d1cbac27 -> 
  custom:video-decoder-webm-vp8: 9c59270c3fd7afecdb556c50c9e8de78 -> 
  custom:audio-decoder-ogg-vorbis: bf7c407c2cedff20999df2af8eb42d56 -> 
========================================================================
Received Prepare
Registering precompiled user dll's ...
Registered in 0.003295 seconds.
Begin MonoManager ReloadAssembly
Symbol file LoadedFromMemory doesn't match image D:\unity\KursyRougeLike\Library\PackageCache\com.unity.visualscripting@1.8.0\Editor\VisualScripting.Core\Dependencies\YamlDotNet\Unity.VisualScripting.YamlDotNet.dll
Symbol file LoadedFromMemory doesn't match image D:\unity\KursyRougeLike\Library\PackageCache\com.unity.visualscripting@1.8.0\Editor\VisualScripting.Core\Dependencies\DotNetZip\Unity.VisualScripting.IonicZip.dll
Native extension for WindowsStandalone target not found
Refreshing native plugins compatible for Editor in 0.76 ms, found 3 plugins.
Preloading 0 native plugins for Editor in 0.00 ms.
Mono: successfully reloaded assembly
- Completed reload, in  1.082 seconds
Domain Reload Profiling:
	ReloadAssembly (1083ms)
		BeginReloadAssembly (169ms)
			ExecutionOrderSort (0ms)
			DisableScriptedObjects (8ms)
			BackupInstance (0ms)
			ReleaseScriptingObjects (0ms)
			CreateAndSetChildDomain (34ms)
		EndReloadAssembly (817ms)
			LoadAssemblies (113ms)
			RebuildTransferFunctionScriptingTraits (0ms)
			SetupTypeCache (291ms)
			ReleaseScriptCaches (1ms)
			RebuildScriptCaches (49ms)
			SetupLoadedEditorAssemblies (329ms)
				LogAssemblyErrors (0ms)
				InitializePlatformSupportModulesInManaged (8ms)
				SetLoadedEditorAssemblies (1ms)
				RefreshPlugins (1ms)
				BeforeProcessingInitializeOnLoad (68ms)
				ProcessInitializeOnLoadAttributes (226ms)
				ProcessInitializeOnLoadMethodAttributes (23ms)
				AfterProcessingInitializeOnLoad (3ms)
				EditorAssembliesLoaded (0ms)
			ExecutionOrderSort2 (0ms)
			AwakeInstancesAfterBackupRestoration (8ms)
Platform modules already initialized, skipping
Refreshing native plugins compatible for Editor in 1.51 ms, found 3 plugins.
Preloading 0 native plugins for Editor in 0.00 ms.
Unloading 3046 Unused Serialized files (Serialized files now loaded: 0)
Unloading 16 unused Assets / (45.9 KB). Loaded Objects now: 3542.
Memory consumption went from 107.8 MB to 107.7 MB.
Total: 3.134900 ms (FindLiveObjects: 0.305200 ms CreateObjectMapping: 0.202100 ms MarkObjects: 2.529700 ms  DeleteObjects: 0.092500 ms)

AssetImportParameters requested are different than current active one (requested -> active):
  custom:video-decoder-ogg-theora: a1e56fd34408186e4bbccfd4996cb3dc -> 
  custom:container-muxer-webm: aa71ff27fc2769a1b78a27578f13a17b -> 
  custom:container-demuxer-webm: 4f35f7cbe854078d1ac9338744f61a02 -> 
  custom:video-encoder-webm-vp8: eb34c28f22e8b96e1ab97ce403110664 -> 
  custom:CustomObjectIndexerAttribute: bc11b3a6c3213fcdd17b65e7da85e133 -> 
  custom:audio-encoder-webm-vorbis: bf7c407c2cedff20999df2af8eb42d56 -> 
  custom:framework-win-MediaFoundation: 216162199b28c13a410421893ffa2e32 -> 
  custom:container-demuxer-ogg: 62fdf1f143b41e24485cea50d1cbac27 -> 
  custom:video-decoder-webm-vp8: 9c59270c3fd7afecdb556c50c9e8de78 -> 
  custom:audio-decoder-ogg-vorbis: bf7c407c2cedff20999df2af8eb42d56 -> 
========================================================================
Received Import Request.
  Time since last request: 1836.879787 seconds.
  path: Assets/Scenes/Generation.unity
  artifactKey: Guid(9caf8b73e1c3e1442aec67192717bf42) Importer(815301076,1909f56bfc062723c751e8b465ee728b)
Start importing Assets/Scenes/Generation.unity using Guid(9caf8b73e1c3e1442aec67192717bf42) Importer(815301076,1909f56bfc062723c751e8b465ee728b)  -> (artifact id: '8ff772085e99a11f4acfc6a817d58353') in 0.034612 seconds 
========================================================================
Received Import Request.
  Time since last request: 3.501915 seconds.
  path: Assets/Scenes/Rooms.unity
  artifactKey: Guid(5adaa96b181930e4da3fc8e4798162b1) Importer(815301076,1909f56bfc062723c751e8b465ee728b)
Start importing Assets/Scenes/Rooms.unity using Guid(5adaa96b181930e4da3fc8e4798162b1) Importer(815301076,1909f56bfc062723c751e8b465ee728b)  -> (artifact id: '445874112969c66df14db4836de6364a') in 0.003198 seconds 
========================================================================
Received Import Request.
  Time since last request: 9.933048 seconds.
  path: Assets/Prefabs
  artifactKey: Guid(850d62ee930704442bcbe771b0213097) Importer(815301076,1909f56bfc062723c751e8b465ee728b)
Start importing Assets/Prefabs using Guid(850d62ee930704442bcbe771b0213097) Importer(815301076,1909f56bfc062723c751e8b465ee728b)  -> (artifact id: '1a4cf747a82eb5879e1b96e724daafb1') in 0.013150 seconds 
========================================================================
Received Import Request.
  Time since last request: 3.891843 seconds.
  path: Assets/Prefabs/L.prefab
  artifactKey: Guid(94b1d5a4cdcb9934ab6f0e6ef83b9aa0) Importer(815301076,1909f56bfc062723c751e8b465ee728b)
Start importing Assets/Prefabs/L.prefab using Guid(94b1d5a4cdcb9934ab6f0e6ef83b9aa0) Importer(815301076,1909f56bfc062723c751e8b465ee728b)  -> (artifact id: '03feeb41c201dff0030ebeb4147f62ee') in 0.145678 seconds 
========================================================================
Received Import Request.
  Time since last request: 0.000060 seconds.
  path: Assets/Prefabs/I.prefab
  artifactKey: Guid(e75cd059aab59714c9b2f951a4343c0c) Importer(815301076,1909f56bfc062723c751e8b465ee728b)
Start importing Assets/Prefabs/I.prefab using Guid(e75cd059aab59714c9b2f951a4343c0c) Importer(815301076,1909f56bfc062723c751e8b465ee728b)  -> (artifact id: 'b56aa5563b507f7e477f2a67bcf77a12') in 0.024927 seconds 
========================================================================
Received Import Request.
  Time since last request: 0.000031 seconds.
  path: Assets/Prefabs/+.prefab
  artifactKey: Guid(e9ebbcf1cdd991d449ac45eb48b39697) Importer(815301076,1909f56bfc062723c751e8b465ee728b)
Start importing Assets/Prefabs/+.prefab using Guid(e9ebbcf1cdd991d449ac45eb48b39697) Importer(815301076,1909f56bfc062723c751e8b465ee728b)  -> (artifact id: '660f91816bc15c9337eded5c7b542517') in 0.021861 seconds 
========================================================================
Received Import Request.
  Time since last request: 0.000014 seconds.
  path: Assets/Prefabs/_.prefab
  artifactKey: Guid(62253af91bc4923468f59291c5c0c876) Importer(815301076,1909f56bfc062723c751e8b465ee728b)
Start importing Assets/Prefabs/_.prefab using Guid(62253af91bc4923468f59291c5c0c876) Importer(815301076,1909f56bfc062723c751e8b465ee728b)  -> (artifact id: '6b8d553a82e4e92dcfa77138ae979048') in 0.063596 seconds 
========================================================================
Received Import Request.
  Time since last request: 0.000027 seconds.
  path: Assets/Prefabs/T.prefab
  artifactKey: Guid(117148f26daa5054494a03441abcb45f) Importer(815301076,1909f56bfc062723c751e8b465ee728b)
Start importing Assets/Prefabs/T.prefab using Guid(117148f26daa5054494a03441abcb45f) Importer(815301076,1909f56bfc062723c751e8b465ee728b)  -> (artifact id: 'd1db0a991ce8216c2ab80f602535f2c7') in 0.024138 seconds 
========================================================================
Received Prepare
Registering precompiled user dll's ...
Registered in 0.003269 seconds.
Begin MonoManager ReloadAssembly
Symbol file LoadedFromMemory doesn't match image D:\unity\KursyRougeLike\Library\PackageCache\com.unity.visualscripting@1.8.0\Editor\VisualScripting.Core\Dependencies\YamlDotNet\Unity.VisualScripting.YamlDotNet.dll
Symbol file LoadedFromMemory doesn't match image D:\unity\KursyRougeLike\Library\PackageCache\com.unity.visualscripting@1.8.0\Editor\VisualScripting.Core\Dependencies\DotNetZip\Unity.VisualScripting.IonicZip.dll
Native extension for WindowsStandalone target not found
Refreshing native plugins compatible for Editor in 1.23 ms, found 3 plugins.
Preloading 0 native plugins for Editor in 0.00 ms.
Mono: successfully reloaded assembly
- Completed reload, in  1.222 seconds
Domain Reload Profiling:
	ReloadAssembly (1223ms)
		BeginReloadAssembly (146ms)
			ExecutionOrderSort (0ms)
			DisableScriptedObjects (5ms)
			BackupInstance (0ms)
			ReleaseScriptingObjects (0ms)
			CreateAndSetChildDomain (35ms)
		EndReloadAssembly (979ms)
			LoadAssemblies (93ms)
			RebuildTransferFunctionScriptingTraits (0ms)
			SetupTypeCache (321ms)
			ReleaseScriptCaches (2ms)
			RebuildScriptCaches (51ms)
			SetupLoadedEditorAssemblies (458ms)
				LogAssemblyErrors (0ms)
				InitializePlatformSupportModulesInManaged (6ms)
				SetLoadedEditorAssemblies (1ms)
				RefreshPlugins (1ms)
				BeforeProcessingInitializeOnLoad (103ms)
				ProcessInitializeOnLoadAttributes (311ms)
				ProcessInitializeOnLoadMethodAttributes (32ms)
				AfterProcessingInitializeOnLoad (3ms)
				EditorAssembliesLoaded (0ms)
			ExecutionOrderSort2 (0ms)
			AwakeInstancesAfterBackupRestoration (10ms)
Platform modules already initialized, skipping
Refreshing native plugins compatible for Editor in 1.82 ms, found 3 plugins.
Preloading 0 native plugins for Editor in 0.00 ms.
Unloading 3046 Unused Serialized files (Serialized files now loaded: 0)
Unloading 15 unused Assets / (22.0 KB). Loaded Objects now: 3554.
Memory consumption went from 112.2 MB to 112.2 MB.
Total: 4.358900 ms (FindLiveObjects: 1.179100 ms CreateObjectMapping: 0.638000 ms MarkObjects: 2.506000 ms  DeleteObjects: 0.034700 ms)

AssetImportParameters requested are different than current active one (requested -> active):
  custom:video-decoder-ogg-theora: a1e56fd34408186e4bbccfd4996cb3dc -> 
  custom:container-muxer-webm: aa71ff27fc2769a1b78a27578f13a17b -> 
  custom:container-demuxer-webm: 4f35f7cbe854078d1ac9338744f61a02 -> 
  custom:video-encoder-webm-vp8: eb34c28f22e8b96e1ab97ce403110664 -> 
  custom:CustomObjectIndexerAttribute: bc11b3a6c3213fcdd17b65e7da85e133 -> 
  custom:audio-encoder-webm-vorbis: bf7c407c2cedff20999df2af8eb42d56 -> 
  custom:framework-win-MediaFoundation: 216162199b28c13a410421893ffa2e32 -> 
  custom:container-demuxer-ogg: 62fdf1f143b41e24485cea50d1cbac27 -> 
  custom:video-decoder-webm-vp8: 9c59270c3fd7afecdb556c50c9e8de78 -> 
  custom:audio-decoder-ogg-vorbis: bf7c407c2cedff20999df2af8eb42d56 -> 
========================================================================
Received Prepare
Registering precompiled user dll's ...
Registered in 0.003335 seconds.
Begin MonoManager ReloadAssembly
Symbol file LoadedFromMemory doesn't match image D:\unity\KursyRougeLike\Library\PackageCache\com.unity.visualscripting@1.8.0\Editor\VisualScripting.Core\Dependencies\YamlDotNet\Unity.VisualScripting.YamlDotNet.dll
Symbol file LoadedFromMemory doesn't match image D:\unity\KursyRougeLike\Library\PackageCache\com.unity.visualscripting@1.8.0\Editor\VisualScripting.Core\Dependencies\DotNetZip\Unity.VisualScripting.IonicZip.dll
Native extension for WindowsStandalone target not found
Refreshing native plugins compatible for Editor in 0.44 ms, found 3 plugins.
Preloading 0 native plugins for Editor in 0.00 ms.
Mono: successfully reloaded assembly
- Completed reload, in  1.110 seconds
Domain Reload Profiling:
	ReloadAssembly (1111ms)
		BeginReloadAssembly (142ms)
			ExecutionOrderSort (0ms)
			DisableScriptedObjects (6ms)
			BackupInstance (0ms)
			ReleaseScriptingObjects (0ms)
			CreateAndSetChildDomain (32ms)
		EndReloadAssembly (873ms)
			LoadAssemblies (89ms)
			RebuildTransferFunctionScriptingTraits (0ms)
			SetupTypeCache (308ms)
			ReleaseScriptCaches (1ms)
			RebuildScriptCaches (49ms)
			SetupLoadedEditorAssemblies (371ms)
				LogAssemblyErrors (0ms)
				InitializePlatformSupportModulesInManaged (4ms)
				SetLoadedEditorAssemblies (0ms)
				RefreshPlugins (1ms)
				BeforeProcessingInitializeOnLoad (61ms)
				ProcessInitializeOnLoadAttributes (268ms)
				ProcessInitializeOnLoadMethodAttributes (33ms)
				AfterProcessingInitializeOnLoad (4ms)
				EditorAssembliesLoaded (0ms)
			ExecutionOrderSort2 (0ms)
			AwakeInstancesAfterBackupRestoration (8ms)
Platform modules already initialized, skipping
Refreshing native plugins compatible for Editor in 2.07 ms, found 3 plugins.
Preloading 0 native plugins for Editor in 0.00 ms.
Unloading 3045 Unused Serialized files (Serialized files now loaded: 0)
Unloading 15 unused Assets / (22.1 KB). Loaded Objects now: 3557.
Memory consumption went from 112.0 MB to 111.9 MB.
Total: 3.163100 ms (FindLiveObjects: 0.258200 ms CreateObjectMapping: 0.252700 ms MarkObjects: 2.630500 ms  DeleteObjects: 0.020400 ms)

AssetImportParameters requested are different than current active one (requested -> active):
  custom:video-decoder-ogg-theora: a1e56fd34408186e4bbccfd4996cb3dc -> 
  custom:container-muxer-webm: aa71ff27fc2769a1b78a27578f13a17b -> 
  custom:container-demuxer-webm: 4f35f7cbe854078d1ac9338744f61a02 -> 
  custom:video-encoder-webm-vp8: eb34c28f22e8b96e1ab97ce403110664 -> 
  custom:CustomObjectIndexerAttribute: bc11b3a6c3213fcdd17b65e7da85e133 -> 
  custom:audio-encoder-webm-vorbis: bf7c407c2cedff20999df2af8eb42d56 -> 
  custom:framework-win-MediaFoundation: 216162199b28c13a410421893ffa2e32 -> 
  custom:container-demuxer-ogg: 62fdf1f143b41e24485cea50d1cbac27 -> 
  custom:video-decoder-webm-vp8: 9c59270c3fd7afecdb556c50c9e8de78 -> 
  custom:audio-decoder-ogg-vorbis: bf7c407c2cedff20999df2af8eb42d56 -> 
========================================================================
Received Prepare
Registering precompiled user dll's ...
Registered in 0.003585 seconds.
Begin MonoManager ReloadAssembly
Symbol file LoadedFromMemory doesn't match image D:\unity\KursyRougeLike\Library\PackageCache\com.unity.visualscripting@1.8.0\Editor\VisualScripting.Core\Dependencies\YamlDotNet\Unity.VisualScripting.YamlDotNet.dll
Symbol file LoadedFromMemory doesn't match image D:\unity\KursyRougeLike\Library\PackageCache\com.unity.visualscripting@1.8.0\Editor\VisualScripting.Core\Dependencies\DotNetZip\Unity.VisualScripting.IonicZip.dll
Native extension for WindowsStandalone target not found
Refreshing native plugins compatible for Editor in 0.46 ms, found 3 plugins.
Preloading 0 native plugins for Editor in 0.00 ms.
Mono: successfully reloaded assembly
- Completed reload, in  1.084 seconds
Domain Reload Profiling:
	ReloadAssembly (1085ms)
		BeginReloadAssembly (147ms)
			ExecutionOrderSort (0ms)
			DisableScriptedObjects (6ms)
			BackupInstance (0ms)
			ReleaseScriptingObjects (0ms)
			CreateAndSetChildDomain (35ms)
		EndReloadAssembly (841ms)
			LoadAssemblies (92ms)
			RebuildTransferFunctionScriptingTraits (0ms)
			SetupTypeCache (289ms)
			ReleaseScriptCaches (1ms)
			RebuildScriptCaches (45ms)
			SetupLoadedEditorAssemblies (362ms)
				LogAssemblyErrors (0ms)
				InitializePlatformSupportModulesInManaged (4ms)
				SetLoadedEditorAssemblies (0ms)
				RefreshPlugins (1ms)
				BeforeProcessingInitializeOnLoad (62ms)
				ProcessInitializeOnLoadAttributes (263ms)
				ProcessInitializeOnLoadMethodAttributes (27ms)
				AfterProcessingInitializeOnLoad (5ms)
				EditorAssembliesLoaded (0ms)
			ExecutionOrderSort2 (0ms)
			AwakeInstancesAfterBackupRestoration (10ms)
Platform modules already initialized, skipping
Refreshing native plugins compatible for Editor in 1.31 ms, found 3 plugins.
Preloading 0 native plugins for Editor in 0.00 ms.
Unloading 3045 Unused Serialized files (Serialized files now loaded: 0)
Unloading 15 unused Assets / (22.0 KB). Loaded Objects now: 3560.
Memory consumption went from 112.0 MB to 111.9 MB.
Total: 3.240400 ms (FindLiveObjects: 0.289000 ms CreateObjectMapping: 0.207400 ms MarkObjects: 2.719800 ms  DeleteObjects: 0.023100 ms)

AssetImportParameters requested are different than current active one (requested -> active):
  custom:video-decoder-ogg-theora: a1e56fd34408186e4bbccfd4996cb3dc -> 
  custom:container-muxer-webm: aa71ff27fc2769a1b78a27578f13a17b -> 
  custom:container-demuxer-webm: 4f35f7cbe854078d1ac9338744f61a02 -> 
  custom:video-encoder-webm-vp8: eb34c28f22e8b96e1ab97ce403110664 -> 
  custom:CustomObjectIndexerAttribute: bc11b3a6c3213fcdd17b65e7da85e133 -> 
  custom:audio-encoder-webm-vorbis: bf7c407c2cedff20999df2af8eb42d56 -> 
  custom:framework-win-MediaFoundation: 216162199b28c13a410421893ffa2e32 -> 
  custom:container-demuxer-ogg: 62fdf1f143b41e24485cea50d1cbac27 -> 
  custom:video-decoder-webm-vp8: 9c59270c3fd7afecdb556c50c9e8de78 -> 
  custom:audio-decoder-ogg-vorbis: bf7c407c2cedff20999df2af8eb42d56 -> 
========================================================================
Received Prepare
Registering precompiled user dll's ...
Registered in 0.003256 seconds.
Begin MonoManager ReloadAssembly
Symbol file LoadedFromMemory doesn't match image D:\unity\KursyRougeLike\Library\PackageCache\com.unity.visualscripting@1.8.0\Editor\VisualScripting.Core\Dependencies\YamlDotNet\Unity.VisualScripting.YamlDotNet.dll
Symbol file LoadedFromMemory doesn't match image D:\unity\KursyRougeLike\Library\PackageCache\com.unity.visualscripting@1.8.0\Editor\VisualScripting.Core\Dependencies\DotNetZip\Unity.VisualScripting.IonicZip.dll
Native extension for WindowsStandalone target not found
Refreshing native plugins compatible for Editor in 0.45 ms, found 3 plugins.
Preloading 0 native plugins for Editor in 0.00 ms.
Mono: successfully reloaded assembly
- Completed reload, in  1.071 seconds
Domain Reload Profiling:
	ReloadAssembly (1072ms)
		BeginReloadAssembly (155ms)
			ExecutionOrderSort (0ms)
			DisableScriptedObjects (6ms)
			BackupInstance (0ms)
			ReleaseScriptingObjects (0ms)
			CreateAndSetChildDomain (31ms)
		EndReloadAssembly (826ms)
			LoadAssemblies (109ms)
			RebuildTransferFunctionScriptingTraits (0ms)
			SetupTypeCache (309ms)
			ReleaseScriptCaches (1ms)
			RebuildScriptCaches (58ms)
			SetupLoadedEditorAssemblies (330ms)
				LogAssemblyErrors (0ms)
				InitializePlatformSupportModulesInManaged (4ms)
				SetLoadedEditorAssemblies (0ms)
				RefreshPlugins (1ms)
				BeforeProcessingInitializeOnLoad (57ms)
				ProcessInitializeOnLoadAttributes (238ms)
				ProcessInitializeOnLoadMethodAttributes (27ms)
				AfterProcessingInitializeOnLoad (4ms)
				EditorAssembliesLoaded (0ms)
			ExecutionOrderSort2 (0ms)
			AwakeInstancesAfterBackupRestoration (8ms)
Platform modules already initialized, skipping
Refreshing native plugins compatible for Editor in 1.70 ms, found 3 plugins.
Preloading 0 native plugins for Editor in 0.00 ms.
Unloading 3045 Unused Serialized files (Serialized files now loaded: 0)
Unloading 15 unused Assets / (22.0 KB). Loaded Objects now: 3563.
Memory consumption went from 112.0 MB to 112.0 MB.
Total: 3.905300 ms (FindLiveObjects: 0.252400 ms CreateObjectMapping: 0.214600 ms MarkObjects: 3.412400 ms  DeleteObjects: 0.024500 ms)

AssetImportParameters requested are different than current active one (requested -> active):
  custom:video-decoder-ogg-theora: a1e56fd34408186e4bbccfd4996cb3dc -> 
  custom:container-muxer-webm: aa71ff27fc2769a1b78a27578f13a17b -> 
  custom:container-demuxer-webm: 4f35f7cbe854078d1ac9338744f61a02 -> 
  custom:video-encoder-webm-vp8: eb34c28f22e8b96e1ab97ce403110664 -> 
  custom:CustomObjectIndexerAttribute: bc11b3a6c3213fcdd17b65e7da85e133 -> 
  custom:audio-encoder-webm-vorbis: bf7c407c2cedff20999df2af8eb42d56 -> 
  custom:framework-win-MediaFoundation: 216162199b28c13a410421893ffa2e32 -> 
  custom:container-demuxer-ogg: 62fdf1f143b41e24485cea50d1cbac27 -> 
  custom:video-decoder-webm-vp8: 9c59270c3fd7afecdb556c50c9e8de78 -> 
  custom:audio-decoder-ogg-vorbis: bf7c407c2cedff20999df2af8eb42d56 -> 
========================================================================
Received Prepare
Registering precompiled user dll's ...
Registered in 0.003518 seconds.
Begin MonoManager ReloadAssembly
Symbol file LoadedFromMemory doesn't match image D:\unity\KursyRougeLike\Library\PackageCache\com.unity.visualscripting@1.8.0\Editor\VisualScripting.Core\Dependencies\YamlDotNet\Unity.VisualScripting.YamlDotNet.dll
Symbol file LoadedFromMemory doesn't match image D:\unity\KursyRougeLike\Library\PackageCache\com.unity.visualscripting@1.8.0\Editor\VisualScripting.Core\Dependencies\DotNetZip\Unity.VisualScripting.IonicZip.dll
Native extension for WindowsStandalone target not found
Refreshing native plugins compatible for Editor in 0.50 ms, found 3 plugins.
Preloading 0 native plugins for Editor in 0.00 ms.
Mono: successfully reloaded assembly
- Completed reload, in  1.204 seconds
Domain Reload Profiling:
	ReloadAssembly (1206ms)
		BeginReloadAssembly (139ms)
			ExecutionOrderSort (0ms)
			DisableScriptedObjects (6ms)
			BackupInstance (0ms)
			ReleaseScriptingObjects (0ms)
			CreateAndSetChildDomain (33ms)
		EndReloadAssembly (962ms)
			LoadAssemblies (86ms)
			RebuildTransferFunctionScriptingTraits (0ms)
			SetupTypeCache (339ms)
			ReleaseScriptCaches (1ms)
			RebuildScriptCaches (54ms)
			SetupLoadedEditorAssemblies (396ms)
				LogAssemblyErrors (0ms)
				InitializePlatformSupportModulesInManaged (5ms)
				SetLoadedEditorAssemblies (1ms)
				RefreshPlugins (1ms)
				BeforeProcessingInitializeOnLoad (64ms)
				ProcessInitializeOnLoadAttributes (283ms)
				ProcessInitializeOnLoadMethodAttributes (37ms)
				AfterProcessingInitializeOnLoad (5ms)
				EditorAssembliesLoaded (0ms)
			ExecutionOrderSort2 (0ms)
			AwakeInstancesAfterBackupRestoration (15ms)
Platform modules already initialized, skipping
Refreshing native plugins compatible for Editor in 2.04 ms, found 3 plugins.
Preloading 0 native plugins for Editor in 0.00 ms.
Unloading 3045 Unused Serialized files (Serialized files now loaded: 0)
Unloading 15 unused Assets / (22.1 KB). Loaded Objects now: 3566.
Memory consumption went from 112.0 MB to 112.0 MB.
Total: 2.692400 ms (FindLiveObjects: 0.248100 ms CreateObjectMapping: 0.162700 ms MarkObjects: 2.258300 ms  DeleteObjects: 0.022400 ms)

AssetImportParameters requested are different than current active one (requested -> active):
  custom:video-decoder-ogg-theora: a1e56fd34408186e4bbccfd4996cb3dc -> 
  custom:container-muxer-webm: aa71ff27fc2769a1b78a27578f13a17b -> 
  custom:container-demuxer-webm: 4f35f7cbe854078d1ac9338744f61a02 -> 
  custom:video-encoder-webm-vp8: eb34c28f22e8b96e1ab97ce403110664 -> 
  custom:CustomObjectIndexerAttribute: bc11b3a6c3213fcdd17b65e7da85e133 -> 
  custom:audio-encoder-webm-vorbis: bf7c407c2cedff20999df2af8eb42d56 -> 
  custom:framework-win-MediaFoundation: 216162199b28c13a410421893ffa2e32 -> 
  custom:container-demuxer-ogg: 62fdf1f143b41e24485cea50d1cbac27 -> 
  custom:video-decoder-webm-vp8: 9c59270c3fd7afecdb556c50c9e8de78 -> 
  custom:audio-decoder-ogg-vorbis: bf7c407c2cedff20999df2af8eb42d56 -> 
========================================================================
Received Prepare
Registering precompiled user dll's ...
Registered in 0.006315 seconds.
Begin MonoManager ReloadAssembly
Symbol file LoadedFromMemory doesn't match image D:\unity\KursyRougeLike\Library\PackageCache\com.unity.visualscripting@1.8.0\Editor\VisualScripting.Core\Dependencies\YamlDotNet\Unity.VisualScripting.YamlDotNet.dll
Symbol file LoadedFromMemory doesn't match image D:\unity\KursyRougeLike\Library\PackageCache\com.unity.visualscripting@1.8.0\Editor\VisualScripting.Core\Dependencies\DotNetZip\Unity.VisualScripting.IonicZip.dll
Native extension for WindowsStandalone target not found
Refreshing native plugins compatible for Editor in 0.46 ms, found 3 plugins.
Preloading 0 native plugins for Editor in 0.00 ms.
Mono: successfully reloaded assembly
- Completed reload, in  1.101 seconds
Domain Reload Profiling:
	ReloadAssembly (1102ms)
		BeginReloadAssembly (154ms)
			ExecutionOrderSort (0ms)
			DisableScriptedObjects (6ms)
			BackupInstance (0ms)
			ReleaseScriptingObjects (0ms)
			CreateAndSetChildDomain (32ms)
		EndReloadAssembly (853ms)
			LoadAssemblies (106ms)
			RebuildTransferFunctionScriptingTraits (0ms)
			SetupTypeCache (271ms)
			ReleaseScriptCaches (1ms)
			RebuildScriptCaches (55ms)
			SetupLoadedEditorAssemblies (372ms)
				LogAssemblyErrors (0ms)
				InitializePlatformSupportModulesInManaged (4ms)
				SetLoadedEditorAssemblies (0ms)
				RefreshPlugins (1ms)
				BeforeProcessingInitializeOnLoad (66ms)
				ProcessInitializeOnLoadAttributes (267ms)
				ProcessInitializeOnLoadMethodAttributes (29ms)
				AfterProcessingInitializeOnLoad (4ms)
				EditorAssembliesLoaded (0ms)
			ExecutionOrderSort2 (0ms)
			AwakeInstancesAfterBackupRestoration (9ms)
Platform modules already initialized, skipping
Refreshing native plugins compatible for Editor in 1.69 ms, found 3 plugins.
Preloading 0 native plugins for Editor in 0.00 ms.
Unloading 3045 Unused Serialized files (Serialized files now loaded: 0)
Unloading 15 unused Assets / (22.0 KB). Loaded Objects now: 3569.
Memory consumption went from 112.0 MB to 112.0 MB.
Total: 3.934300 ms (FindLiveObjects: 0.368700 ms CreateObjectMapping: 0.236300 ms MarkObjects: 3.303600 ms  DeleteObjects: 0.024600 ms)

AssetImportParameters requested are different than current active one (requested -> active):
  custom:video-decoder-ogg-theora: a1e56fd34408186e4bbccfd4996cb3dc -> 
  custom:container-muxer-webm: aa71ff27fc2769a1b78a27578f13a17b -> 
  custom:container-demuxer-webm: 4f35f7cbe854078d1ac9338744f61a02 -> 
  custom:video-encoder-webm-vp8: eb34c28f22e8b96e1ab97ce403110664 -> 
  custom:CustomObjectIndexerAttribute: bc11b3a6c3213fcdd17b65e7da85e133 -> 
  custom:audio-encoder-webm-vorbis: bf7c407c2cedff20999df2af8eb42d56 -> 
  custom:framework-win-MediaFoundation: 216162199b28c13a410421893ffa2e32 -> 
  custom:container-demuxer-ogg: 62fdf1f143b41e24485cea50d1cbac27 -> 
  custom:video-decoder-webm-vp8: 9c59270c3fd7afecdb556c50c9e8de78 -> 
  custom:audio-decoder-ogg-vorbis: bf7c407c2cedff20999df2af8eb42d56 -> 
========================================================================
Received Import Request.
  Time since last request: 201.304794 seconds.
  path: Assets/Scenes/Rooms.unity
  artifactKey: Guid(5adaa96b181930e4da3fc8e4798162b1) Importer(815301076,1909f56bfc062723c751e8b465ee728b)
Start importing Assets/Scenes/Rooms.unity using Guid(5adaa96b181930e4da3fc8e4798162b1) Importer(815301076,1909f56bfc062723c751e8b465ee728b)  -> (artifact id: '99401446ad2013278f60c48dc5aa2437') in 0.012158 seconds 
========================================================================
Received Import Request.
  Time since last request: 458.088500 seconds.
  path: Assets/Scripts/Generation.cs
  artifactKey: Guid(0efc98f789c32c04aa7e3ab3fddec655) Importer(815301076,1909f56bfc062723c751e8b465ee728b)
Start importing Assets/Scripts/Generation.cs using Guid(0efc98f789c32c04aa7e3ab3fddec655) Importer(815301076,1909f56bfc062723c751e8b465ee728b)  -> (artifact id: '215bfabedd0a1e9b1b63d9148f06d28a') in 0.002288 seconds 
========================================================================
Received Prepare
Registering precompiled user dll's ...
Registered in 0.003276 seconds.
Begin MonoManager ReloadAssembly
Symbol file LoadedFromMemory doesn't match image D:\unity\KursyRougeLike\Library\PackageCache\com.unity.visualscripting@1.8.0\Editor\VisualScripting.Core\Dependencies\YamlDotNet\Unity.VisualScripting.YamlDotNet.dll
Symbol file LoadedFromMemory doesn't match image D:\unity\KursyRougeLike\Library\PackageCache\com.unity.visualscripting@1.8.0\Editor\VisualScripting.Core\Dependencies\DotNetZip\Unity.VisualScripting.IonicZip.dll
Native extension for WindowsStandalone target not found
Refreshing native plugins compatible for Editor in 0.46 ms, found 3 plugins.
Preloading 0 native plugins for Editor in 0.00 ms.
Mono: successfully reloaded assembly
- Completed reload, in  1.089 seconds
Domain Reload Profiling:
	ReloadAssembly (1090ms)
		BeginReloadAssembly (136ms)
			ExecutionOrderSort (0ms)
			DisableScriptedObjects (7ms)
			BackupInstance (0ms)
			ReleaseScriptingObjects (0ms)
			CreateAndSetChildDomain (32ms)
		EndReloadAssembly (861ms)
			LoadAssemblies (87ms)
			RebuildTransferFunctionScriptingTraits (0ms)
			SetupTypeCache (302ms)
			ReleaseScriptCaches (2ms)
			RebuildScriptCaches (78ms)
			SetupLoadedEditorAssemblies (276ms)
				LogAssemblyErrors (0ms)
				InitializePlatformSupportModulesInManaged (4ms)
				SetLoadedEditorAssemblies (0ms)
				RefreshPlugins (1ms)
				BeforeProcessingInitializeOnLoad (53ms)
				ProcessInitializeOnLoadAttributes (195ms)
				ProcessInitializeOnLoadMethodAttributes (19ms)
				AfterProcessingInitializeOnLoad (3ms)
				EditorAssembliesLoaded (0ms)
			ExecutionOrderSort2 (0ms)
			AwakeInstancesAfterBackupRestoration (6ms)
Platform modules already initialized, skipping
Refreshing native plugins compatible for Editor in 1.99 ms, found 3 plugins.
Preloading 0 native plugins for Editor in 0.00 ms.
Unloading 3045 Unused Serialized files (Serialized files now loaded: 0)
Unloading 15 unused Assets / (22.0 KB). Loaded Objects now: 3572.
Memory consumption went from 112.0 MB to 112.0 MB.
Total: 2.966600 ms (FindLiveObjects: 0.259500 ms CreateObjectMapping: 0.233000 ms MarkObjects: 2.447000 ms  DeleteObjects: 0.025600 ms)

AssetImportParameters requested are different than current active one (requested -> active):
  custom:video-decoder-ogg-theora: a1e56fd34408186e4bbccfd4996cb3dc -> 
  custom:container-muxer-webm: aa71ff27fc2769a1b78a27578f13a17b -> 
  custom:container-demuxer-webm: 4f35f7cbe854078d1ac9338744f61a02 -> 
  custom:video-encoder-webm-vp8: eb34c28f22e8b96e1ab97ce403110664 -> 
  custom:CustomObjectIndexerAttribute: bc11b3a6c3213fcdd17b65e7da85e133 -> 
  custom:audio-encoder-webm-vorbis: bf7c407c2cedff20999df2af8eb42d56 -> 
  custom:framework-win-MediaFoundation: 216162199b28c13a410421893ffa2e32 -> 
  custom:container-demuxer-ogg: 62fdf1f143b41e24485cea50d1cbac27 -> 
  custom:video-decoder-webm-vp8: 9c59270c3fd7afecdb556c50c9e8de78 -> 
  custom:audio-decoder-ogg-vorbis: bf7c407c2cedff20999df2af8eb42d56 -> 
========================================================================
Received Import Request.
  Time since last request: 656.281153 seconds.
  path: Assets/Scripts/Generation.cs
  artifactKey: Guid(0efc98f789c32c04aa7e3ab3fddec655) Importer(815301076,1909f56bfc062723c751e8b465ee728b)
Start importing Assets/Scripts/Generation.cs using Guid(0efc98f789c32c04aa7e3ab3fddec655) Importer(815301076,1909f56bfc062723c751e8b465ee728b)  -> (artifact id: '95927e3e5bc67e6fb125791fa3412f36') in 0.007033 seconds 
========================================================================
Received Import Request.
  Time since last request: 1.469208 seconds.
  path: Assets/Scenes/Generation.unity
  artifactKey: Guid(9caf8b73e1c3e1442aec67192717bf42) Importer(815301076,1909f56bfc062723c751e8b465ee728b)
Start importing Assets/Scenes/Generation.unity using Guid(9caf8b73e1c3e1442aec67192717bf42) Importer(815301076,1909f56bfc062723c751e8b465ee728b)  -> (artifact id: '68809438b4bbceea4955882f34112e0b') in 0.002617 seconds 
========================================================================
Received Import Request.
  Time since last request: 130.313201 seconds.
  path: Assets/Scripts/Room.cs
  artifactKey: Guid(768c3f657e09ec346be68ad1dc1afe6d) Importer(815301076,1909f56bfc062723c751e8b465ee728b)
Start importing Assets/Scripts/Room.cs using Guid(768c3f657e09ec346be68ad1dc1afe6d) Importer(815301076,1909f56bfc062723c751e8b465ee728b)  -> (artifact id: '56d91ee1670acf27e3bb77fff025b32e') in 0.021588 seconds 
========================================================================
Received Prepare
Registering precompiled user dll's ...
Registered in 0.005391 seconds.
Begin MonoManager ReloadAssembly
Symbol file LoadedFromMemory doesn't match image D:\unity\KursyRougeLike\Library\PackageCache\com.unity.visualscripting@1.8.0\Editor\VisualScripting.Core\Dependencies\YamlDotNet\Unity.VisualScripting.YamlDotNet.dll
Symbol file LoadedFromMemory doesn't match image D:\unity\KursyRougeLike\Library\PackageCache\com.unity.visualscripting@1.8.0\Editor\VisualScripting.Core\Dependencies\DotNetZip\Unity.VisualScripting.IonicZip.dll
Native extension for WindowsStandalone target not found
Refreshing native plugins compatible for Editor in 0.47 ms, found 3 plugins.
Preloading 0 native plugins for Editor in 0.00 ms.
Mono: successfully reloaded assembly
- Completed reload, in  1.076 seconds
Domain Reload Profiling:
	ReloadAssembly (1077ms)
		BeginReloadAssembly (145ms)
			ExecutionOrderSort (0ms)
			DisableScriptedObjects (6ms)
			BackupInstance (0ms)
			ReleaseScriptingObjects (0ms)
			CreateAndSetChildDomain (33ms)
		EndReloadAssembly (832ms)
			LoadAssemblies (84ms)
			RebuildTransferFunctionScriptingTraits (0ms)
			SetupTypeCache (266ms)
			ReleaseScriptCaches (1ms)
			RebuildScriptCaches (42ms)
			SetupLoadedEditorAssemblies (393ms)
				LogAssemblyErrors (0ms)
				InitializePlatformSupportModulesInManaged (4ms)
				SetLoadedEditorAssemblies (0ms)
				RefreshPlugins (1ms)
				BeforeProcessingInitializeOnLoad (63ms)
				ProcessInitializeOnLoadAttributes (301ms)
				ProcessInitializeOnLoadMethodAttributes (21ms)
				AfterProcessingInitializeOnLoad (3ms)
				EditorAssembliesLoaded (0ms)
			ExecutionOrderSort2 (0ms)
			AwakeInstancesAfterBackupRestoration (7ms)
Platform modules already initialized, skipping
Refreshing native plugins compatible for Editor in 1.39 ms, found 3 plugins.
Preloading 0 native plugins for Editor in 0.00 ms.
Unloading 3046 Unused Serialized files (Serialized files now loaded: 0)
Unloading 15 unused Assets / (22.0 KB). Loaded Objects now: 3576.
Memory consumption went from 112.0 MB to 112.0 MB.
Total: 2.785500 ms (FindLiveObjects: 0.276700 ms CreateObjectMapping: 0.181400 ms MarkObjects: 2.303300 ms  DeleteObjects: 0.022900 ms)

AssetImportParameters requested are different than current active one (requested -> active):
  custom:video-decoder-ogg-theora: a1e56fd34408186e4bbccfd4996cb3dc -> 
  custom:container-muxer-webm: aa71ff27fc2769a1b78a27578f13a17b -> 
  custom:container-demuxer-webm: 4f35f7cbe854078d1ac9338744f61a02 -> 
  custom:video-encoder-webm-vp8: eb34c28f22e8b96e1ab97ce403110664 -> 
  custom:CustomObjectIndexerAttribute: bc11b3a6c3213fcdd17b65e7da85e133 -> 
  custom:audio-encoder-webm-vorbis: bf7c407c2cedff20999df2af8eb42d56 -> 
  custom:framework-win-MediaFoundation: 216162199b28c13a410421893ffa2e32 -> 
  custom:container-demuxer-ogg: 62fdf1f143b41e24485cea50d1cbac27 -> 
  custom:video-decoder-webm-vp8: 9c59270c3fd7afecdb556c50c9e8de78 -> 
  custom:audio-decoder-ogg-vorbis: bf7c407c2cedff20999df2af8eb42d56 -> 
========================================================================
Received Import Request.
  Time since last request: 37.449015 seconds.
  path: Assets/Prefabs/+.prefab
  artifactKey: Guid(e9ebbcf1cdd991d449ac45eb48b39697) Importer(815301076,1909f56bfc062723c751e8b465ee728b)
Start importing Assets/Prefabs/+.prefab using Guid(e9ebbcf1cdd991d449ac45eb48b39697) Importer(815301076,1909f56bfc062723c751e8b465ee728b)  -> (artifact id: 'fd74b36bb2227832dbb923fbbda4334c') in 0.071975 seconds 
========================================================================
Received Import Request.
  Time since last request: 3.213328 seconds.
  path: Assets/Prefabs/+.prefab
  artifactKey: Guid(e9ebbcf1cdd991d449ac45eb48b39697) Importer(815301076,1909f56bfc062723c751e8b465ee728b)
Start importing Assets/Prefabs/+.prefab using Guid(e9ebbcf1cdd991d449ac45eb48b39697) Importer(815301076,1909f56bfc062723c751e8b465ee728b)  -> (artifact id: 'b30b1d062d1a7db1f395c5e9fbeea31b') in 0.027019 seconds 
========================================================================
Received Import Request.
  Time since last request: 4.044136 seconds.
  path: Assets/Prefabs/+.prefab
  artifactKey: Guid(e9ebbcf1cdd991d449ac45eb48b39697) Importer(815301076,1909f56bfc062723c751e8b465ee728b)
Start importing Assets/Prefabs/+.prefab using Guid(e9ebbcf1cdd991d449ac45eb48b39697) Importer(815301076,1909f56bfc062723c751e8b465ee728b)  -> (artifact id: 'eb23c7b1ad770b525a5e39ab05164200') in 0.010654 seconds 
========================================================================
Received Import Request.
  Time since last request: 7.125123 seconds.
  path: Assets/Prefabs/_.prefab
  artifactKey: Guid(62253af91bc4923468f59291c5c0c876) Importer(815301076,1909f56bfc062723c751e8b465ee728b)
Start importing Assets/Prefabs/_.prefab using Guid(62253af91bc4923468f59291c5c0c876) Importer(815301076,1909f56bfc062723c751e8b465ee728b)  -> (artifact id: '9d89f774082f5e7c1f2819b262d95b3c') in 0.013580 seconds 
========================================================================
Received Import Request.
  Time since last request: 2.800859 seconds.
  path: Assets/Prefabs/_.prefab
  artifactKey: Guid(62253af91bc4923468f59291c5c0c876) Importer(815301076,1909f56bfc062723c751e8b465ee728b)
Start importing Assets/Prefabs/_.prefab using Guid(62253af91bc4923468f59291c5c0c876) Importer(815301076,1909f56bfc062723c751e8b465ee728b)  -> (artifact id: 'f1dfe4e2eb5548918a55cdfbcc6b30dd') in 0.010967 seconds 
========================================================================
Received Import Request.
  Time since last request: 2.597131 seconds.
  path: Assets/Prefabs/_.prefab
  artifactKey: Guid(62253af91bc4923468f59291c5c0c876) Importer(815301076,1909f56bfc062723c751e8b465ee728b)
Start importing Assets/Prefabs/_.prefab using Guid(62253af91bc4923468f59291c5c0c876) Importer(815301076,1909f56bfc062723c751e8b465ee728b)  -> (artifact id: 'c52db0c11b063fbc40edc597b9cd6a8e') in 0.010491 seconds 
========================================================================
Received Import Request.
  Time since last request: 18.545892 seconds.
  path: Assets/Prefabs/I.prefab
  artifactKey: Guid(e75cd059aab59714c9b2f951a4343c0c) Importer(815301076,1909f56bfc062723c751e8b465ee728b)
Start importing Assets/Prefabs/I.prefab using Guid(e75cd059aab59714c9b2f951a4343c0c) Importer(815301076,1909f56bfc062723c751e8b465ee728b)  -> (artifact id: '478d4aa4febeeafc8182730eb3727f04') in 0.009849 seconds 
========================================================================
Received Import Request.
  Time since last request: 4.064204 seconds.
  path: Assets/Prefabs/I.prefab
  artifactKey: Guid(e75cd059aab59714c9b2f951a4343c0c) Importer(815301076,1909f56bfc062723c751e8b465ee728b)
Start importing Assets/Prefabs/I.prefab using Guid(e75cd059aab59714c9b2f951a4343c0c) Importer(815301076,1909f56bfc062723c751e8b465ee728b)  -> (artifact id: 'fe97202806352d0f4b4db84e0927bf62') in 0.021558 seconds 
========================================================================
Received Import Request.
  Time since last request: 2.998218 seconds.
  path: Assets/Prefabs/I.prefab
  artifactKey: Guid(e75cd059aab59714c9b2f951a4343c0c) Importer(815301076,1909f56bfc062723c751e8b465ee728b)
Start importing Assets/Prefabs/I.prefab using Guid(e75cd059aab59714c9b2f951a4343c0c) Importer(815301076,1909f56bfc062723c751e8b465ee728b)  -> (artifact id: 'ab8028faeb2a3a8246f9358cd3e9700a') in 0.014529 seconds 
========================================================================
Received Import Request.
  Time since last request: 0.788261 seconds.
  path: Assets/Prefabs/I.prefab
  artifactKey: Guid(e75cd059aab59714c9b2f951a4343c0c) Importer(815301076,1909f56bfc062723c751e8b465ee728b)
Start importing Assets/Prefabs/I.prefab using Guid(e75cd059aab59714c9b2f951a4343c0c) Importer(815301076,1909f56bfc062723c751e8b465ee728b)  -> (artifact id: '82f90113d2588ececbbc312550fa6140') in 0.012792 seconds 
========================================================================
Received Import Request.
  Time since last request: 40.082733 seconds.
  path: Assets/Prefabs/+.prefab
  artifactKey: Guid(e9ebbcf1cdd991d449ac45eb48b39697) Importer(815301076,1909f56bfc062723c751e8b465ee728b)
Start importing Assets/Prefabs/+.prefab using Guid(e9ebbcf1cdd991d449ac45eb48b39697) Importer(815301076,1909f56bfc062723c751e8b465ee728b)  -> (artifact id: '45e29cca768c6abe45b69c3f69129f08') in 0.014266 seconds 
========================================================================
Received Import Request.
  Time since last request: 0.349834 seconds.
  path: Assets/Prefabs/+.prefab
  artifactKey: Guid(e9ebbcf1cdd991d449ac45eb48b39697) Importer(815301076,1909f56bfc062723c751e8b465ee728b)
Start importing Assets/Prefabs/+.prefab using Guid(e9ebbcf1cdd991d449ac45eb48b39697) Importer(815301076,1909f56bfc062723c751e8b465ee728b)  -> (artifact id: '68be96e589ad38da00e5ef29055c1c8e') in 0.011544 seconds 
========================================================================
Received Import Request.
  Time since last request: 0.384974 seconds.
  path: Assets/Prefabs/+.prefab
  artifactKey: Guid(e9ebbcf1cdd991d449ac45eb48b39697) Importer(815301076,1909f56bfc062723c751e8b465ee728b)
Start importing Assets/Prefabs/+.prefab using Guid(e9ebbcf1cdd991d449ac45eb48b39697) Importer(815301076,1909f56bfc062723c751e8b465ee728b)  -> (artifact id: 'a293e9a624f7faf7c3b43cd1b0c0a41c') in 0.013915 seconds 
========================================================================
Received Import Request.
  Time since last request: 0.182058 seconds.
  path: Assets/Prefabs/+.prefab
  artifactKey: Guid(e9ebbcf1cdd991d449ac45eb48b39697) Importer(815301076,1909f56bfc062723c751e8b465ee728b)
Start importing Assets/Prefabs/+.prefab using Guid(e9ebbcf1cdd991d449ac45eb48b39697) Importer(815301076,1909f56bfc062723c751e8b465ee728b)  -> (artifact id: '392493297ffcc23ff6eebd4d07408955') in 0.015737 seconds 
========================================================================
Received Import Request.
  Time since last request: 13.899620 seconds.
  path: Assets/Prefabs/_.prefab
  artifactKey: Guid(62253af91bc4923468f59291c5c0c876) Importer(815301076,1909f56bfc062723c751e8b465ee728b)
Start importing Assets/Prefabs/_.prefab using Guid(62253af91bc4923468f59291c5c0c876) Importer(815301076,1909f56bfc062723c751e8b465ee728b)  -> (artifact id: 'edffd75cd8f60422b7da2e76e2087332') in 0.031068 seconds 
========================================================================
Received Import Request.
  Time since last request: 11.058749 seconds.
  path: Assets/Prefabs/_.prefab
  artifactKey: Guid(62253af91bc4923468f59291c5c0c876) Importer(815301076,1909f56bfc062723c751e8b465ee728b)
Start importing Assets/Prefabs/_.prefab using Guid(62253af91bc4923468f59291c5c0c876) Importer(815301076,1909f56bfc062723c751e8b465ee728b)  -> (artifact id: '403dc1e75d989df3f08709c5ba763e2e') in 0.035398 seconds 
========================================================================
Received Import Request.
  Time since last request: 6.571625 seconds.
  path: Assets/Prefabs/I.prefab
  artifactKey: Guid(e75cd059aab59714c9b2f951a4343c0c) Importer(815301076,1909f56bfc062723c751e8b465ee728b)
Start importing Assets/Prefabs/I.prefab using Guid(e75cd059aab59714c9b2f951a4343c0c) Importer(815301076,1909f56bfc062723c751e8b465ee728b)  -> (artifact id: 'ad86a646dad562e4960f6097a077182e') in 0.011169 seconds 
========================================================================
Received Import Request.
  Time since last request: 11.571991 seconds.
  path: Assets/Prefabs/_.prefab
  artifactKey: Guid(62253af91bc4923468f59291c5c0c876) Importer(815301076,1909f56bfc062723c751e8b465ee728b)
Start importing Assets/Prefabs/_.prefab using Guid(62253af91bc4923468f59291c5c0c876) Importer(815301076,1909f56bfc062723c751e8b465ee728b)  -> (artifact id: '89d7cb548a576e127f0f0da26b1948ab') in 0.022104 seconds 
========================================================================
Received Import Request.
  Time since last request: 0.772058 seconds.
  path: Assets/Prefabs/_.prefab
  artifactKey: Guid(62253af91bc4923468f59291c5c0c876) Importer(815301076,1909f56bfc062723c751e8b465ee728b)
Start importing Assets/Prefabs/_.prefab using Guid(62253af91bc4923468f59291c5c0c876) Importer(815301076,1909f56bfc062723c751e8b465ee728b)  -> (artifact id: '278722b1c1a02655dcd26f377ca18963') in 0.017318 seconds 
========================================================================
Received Import Request.
  Time since last request: 0.987626 seconds.
  path: Assets/Prefabs/_.prefab
  artifactKey: Guid(62253af91bc4923468f59291c5c0c876) Importer(815301076,1909f56bfc062723c751e8b465ee728b)
Start importing Assets/Prefabs/_.prefab using Guid(62253af91bc4923468f59291c5c0c876) Importer(815301076,1909f56bfc062723c751e8b465ee728b)  -> (artifact id: 'de7348efb99abeb0df804aed0c59082a') in 0.010486 seconds 
========================================================================
Received Import Request.
  Time since last request: 9.545077 seconds.
  path: Assets/Prefabs/I.prefab
  artifactKey: Guid(e75cd059aab59714c9b2f951a4343c0c) Importer(815301076,1909f56bfc062723c751e8b465ee728b)
Start importing Assets/Prefabs/I.prefab using Guid(e75cd059aab59714c9b2f951a4343c0c) Importer(815301076,1909f56bfc062723c751e8b465ee728b)  -> (artifact id: 'ed9e384b0091501fc3a71e235551d6f7') in 0.016556 seconds 
========================================================================
Received Import Request.
  Time since last request: 0.583909 seconds.
  path: Assets/Prefabs/I.prefab
  artifactKey: Guid(e75cd059aab59714c9b2f951a4343c0c) Importer(815301076,1909f56bfc062723c751e8b465ee728b)
Start importing Assets/Prefabs/I.prefab using Guid(e75cd059aab59714c9b2f951a4343c0c) Importer(815301076,1909f56bfc062723c751e8b465ee728b)  -> (artifact id: '762fce7bac3c30b6715510ef7561079b') in 0.013629 seconds 
========================================================================
Received Import Request.
  Time since last request: 5.636176 seconds.
  path: Assets/Prefabs/L.prefab
  artifactKey: Guid(94b1d5a4cdcb9934ab6f0e6ef83b9aa0) Importer(815301076,1909f56bfc062723c751e8b465ee728b)
Start importing Assets/Prefabs/L.prefab using Guid(94b1d5a4cdcb9934ab6f0e6ef83b9aa0) Importer(815301076,1909f56bfc062723c751e8b465ee728b)  -> (artifact id: 'bef00eab823b54d55ec9cbc8647452b6') in 0.013786 seconds 
========================================================================
Received Import Request.
  Time since last request: 2.413146 seconds.
  path: Assets/Prefabs/L.prefab
  artifactKey: Guid(94b1d5a4cdcb9934ab6f0e6ef83b9aa0) Importer(815301076,1909f56bfc062723c751e8b465ee728b)
Start importing Assets/Prefabs/L.prefab using Guid(94b1d5a4cdcb9934ab6f0e6ef83b9aa0) Importer(815301076,1909f56bfc062723c751e8b465ee728b)  -> (artifact id: '3d37551c79d1442b3d23d0259f619b82') in 0.020536 seconds 
========================================================================
Received Import Request.
  Time since last request: 12.321206 seconds.
  path: Assets/Prefabs/L.prefab
  artifactKey: Guid(94b1d5a4cdcb9934ab6f0e6ef83b9aa0) Importer(815301076,1909f56bfc062723c751e8b465ee728b)
Start importing Assets/Prefabs/L.prefab using Guid(94b1d5a4cdcb9934ab6f0e6ef83b9aa0) Importer(815301076,1909f56bfc062723c751e8b465ee728b)  -> (artifact id: '0b292b0304e510fd5656fb3bbc4b5680') in 0.009285 seconds 
========================================================================
Received Import Request.
  Time since last request: 1.397379 seconds.
  path: Assets/Prefabs/L.prefab
  artifactKey: Guid(94b1d5a4cdcb9934ab6f0e6ef83b9aa0) Importer(815301076,1909f56bfc062723c751e8b465ee728b)
Start importing Assets/Prefabs/L.prefab using Guid(94b1d5a4cdcb9934ab6f0e6ef83b9aa0) Importer(815301076,1909f56bfc062723c751e8b465ee728b)  -> (artifact id: '2872413311a78ae30ed0b5be13b9f14a') in 0.010343 seconds 
========================================================================
Received Import Request.
  Time since last request: 0.184794 seconds.
  path: Assets/Prefabs/L.prefab
  artifactKey: Guid(94b1d5a4cdcb9934ab6f0e6ef83b9aa0) Importer(815301076,1909f56bfc062723c751e8b465ee728b)
Start importing Assets/Prefabs/L.prefab using Guid(94b1d5a4cdcb9934ab6f0e6ef83b9aa0) Importer(815301076,1909f56bfc062723c751e8b465ee728b)  -> (artifact id: '0958dff9e10bc732d8df65f9c250f89a') in 0.007657 seconds 
========================================================================
Received Import Request.
  Time since last request: 8.777001 seconds.
  path: Assets/Prefabs/T.prefab
  artifactKey: Guid(117148f26daa5054494a03441abcb45f) Importer(815301076,1909f56bfc062723c751e8b465ee728b)
Start importing Assets/Prefabs/T.prefab using Guid(117148f26daa5054494a03441abcb45f) Importer(815301076,1909f56bfc062723c751e8b465ee728b)  -> (artifact id: 'beb21cbd1498976b31afb6c706861b28') in 0.010498 seconds 
========================================================================
Received Import Request.
  Time since last request: 3.137453 seconds.
  path: Assets/Prefabs/T.prefab
  artifactKey: Guid(117148f26daa5054494a03441abcb45f) Importer(815301076,1909f56bfc062723c751e8b465ee728b)
Start importing Assets/Prefabs/T.prefab using Guid(117148f26daa5054494a03441abcb45f) Importer(815301076,1909f56bfc062723c751e8b465ee728b)  -> (artifact id: 'ddb09a8450760942bb5c3bec9801ecca') in 0.020641 seconds 
========================================================================
Received Import Request.
  Time since last request: 5.319350 seconds.
  path: Assets/Prefabs/L.prefab
  artifactKey: Guid(94b1d5a4cdcb9934ab6f0e6ef83b9aa0) Importer(815301076,1909f56bfc062723c751e8b465ee728b)
Start importing Assets/Prefabs/L.prefab using Guid(94b1d5a4cdcb9934ab6f0e6ef83b9aa0) Importer(815301076,1909f56bfc062723c751e8b465ee728b)  -> (artifact id: '319a2ce59938f60ebac82a9f80b8f536') in 0.039755 seconds 
========================================================================
Received Import Request.
  Time since last request: 14.187241 seconds.
  path: Assets/Prefabs/L.prefab
  artifactKey: Guid(94b1d5a4cdcb9934ab6f0e6ef83b9aa0) Importer(815301076,1909f56bfc062723c751e8b465ee728b)
Start importing Assets/Prefabs/L.prefab using Guid(94b1d5a4cdcb9934ab6f0e6ef83b9aa0) Importer(815301076,1909f56bfc062723c751e8b465ee728b)  -> (artifact id: '05677b496a95ea45ec475a897d3e49f4') in 0.011698 seconds 
========================================================================
Received Import Request.
  Time since last request: 28.874661 seconds.
  path: Assets/Prefabs/T.prefab
  artifactKey: Guid(117148f26daa5054494a03441abcb45f) Importer(815301076,1909f56bfc062723c751e8b465ee728b)
Start importing Assets/Prefabs/T.prefab using Guid(117148f26daa5054494a03441abcb45f) Importer(815301076,1909f56bfc062723c751e8b465ee728b)  -> (artifact id: 'f7a6909c8704547c7adac6d0efb80301') in 0.014604 seconds 
========================================================================
Received Import Request.
  Time since last request: 5.292501 seconds.
  path: Assets/Prefabs/T.prefab
  artifactKey: Guid(117148f26daa5054494a03441abcb45f) Importer(815301076,1909f56bfc062723c751e8b465ee728b)
Start importing Assets/Prefabs/T.prefab using Guid(117148f26daa5054494a03441abcb45f) Importer(815301076,1909f56bfc062723c751e8b465ee728b)  -> (artifact id: '129553b78ed2f6e8839c18eee73fdc49') in 0.010331 seconds 
========================================================================
Received Import Request.
  Time since last request: 0.392438 seconds.
  path: Assets/Prefabs/T.prefab
  artifactKey: Guid(117148f26daa5054494a03441abcb45f) Importer(815301076,1909f56bfc062723c751e8b465ee728b)
Start importing Assets/Prefabs/T.prefab using Guid(117148f26daa5054494a03441abcb45f) Importer(815301076,1909f56bfc062723c751e8b465ee728b)  -> (artifact id: 'dc9a12cb6e7624cd7c5d6dfc66e95ee7') in 0.013173 seconds 
========================================================================
Received Import Request.
  Time since last request: 0.584051 seconds.
  path: Assets/Prefabs/T.prefab
  artifactKey: Guid(117148f26daa5054494a03441abcb45f) Importer(815301076,1909f56bfc062723c751e8b465ee728b)
Start importing Assets/Prefabs/T.prefab using Guid(117148f26daa5054494a03441abcb45f) Importer(815301076,1909f56bfc062723c751e8b465ee728b)  -> (artifact id: '00749b172a874d4bdaa7b6890eb90dae') in 0.010039 seconds 
========================================================================
Received Prepare
Registering precompiled user dll's ...
Registered in 0.004985 seconds.
Begin MonoManager ReloadAssembly
Symbol file LoadedFromMemory doesn't match image D:\unity\KursyRougeLike\Library\PackageCache\com.unity.visualscripting@1.8.0\Editor\VisualScripting.Core\Dependencies\YamlDotNet\Unity.VisualScripting.YamlDotNet.dll
Symbol file LoadedFromMemory doesn't match image D:\unity\KursyRougeLike\Library\PackageCache\com.unity.visualscripting@1.8.0\Editor\VisualScripting.Core\Dependencies\DotNetZip\Unity.VisualScripting.IonicZip.dll
Native extension for WindowsStandalone target not found
Refreshing native plugins compatible for Editor in 0.47 ms, found 3 plugins.
Preloading 0 native plugins for Editor in 0.00 ms.
Mono: successfully reloaded assembly
- Completed reload, in  1.268 seconds
Domain Reload Profiling:
	ReloadAssembly (1269ms)
		BeginReloadAssembly (137ms)
			ExecutionOrderSort (0ms)
			DisableScriptedObjects (5ms)
			BackupInstance (0ms)
			ReleaseScriptingObjects (0ms)
			CreateAndSetChildDomain (32ms)
		EndReloadAssembly (995ms)
			LoadAssemblies (93ms)
			RebuildTransferFunctionScriptingTraits (0ms)
			SetupTypeCache (367ms)
			ReleaseScriptCaches (1ms)
			RebuildScriptCaches (44ms)
			SetupLoadedEditorAssemblies (399ms)
				LogAssemblyErrors (0ms)
				InitializePlatformSupportModulesInManaged (4ms)
				SetLoadedEditorAssemblies (1ms)
				RefreshPlugins (1ms)
				BeforeProcessingInitializeOnLoad (61ms)
				ProcessInitializeOnLoadAttributes (295ms)
				ProcessInitializeOnLoadMethodAttributes (33ms)
				AfterProcessingInitializeOnLoad (4ms)
				EditorAssembliesLoaded (0ms)
			ExecutionOrderSort2 (0ms)
			AwakeInstancesAfterBackupRestoration (18ms)
Platform modules already initialized, skipping
Refreshing native plugins compatible for Editor in 1.75 ms, found 3 plugins.
Preloading 0 native plugins for Editor in 0.00 ms.
Unloading 3046 Unused Serialized files (Serialized files now loaded: 0)
Unloading 15 unused Assets / (22.0 KB). Loaded Objects now: 3579.
Memory consumption went from 112.1 MB to 112.1 MB.
Total: 3.676100 ms (FindLiveObjects: 0.256100 ms CreateObjectMapping: 0.200400 ms MarkObjects: 3.188100 ms  DeleteObjects: 0.025900 ms)

AssetImportParameters requested are different than current active one (requested -> active):
  custom:video-decoder-ogg-theora: a1e56fd34408186e4bbccfd4996cb3dc -> 
  custom:container-muxer-webm: aa71ff27fc2769a1b78a27578f13a17b -> 
  custom:container-demuxer-webm: 4f35f7cbe854078d1ac9338744f61a02 -> 
  custom:video-encoder-webm-vp8: eb34c28f22e8b96e1ab97ce403110664 -> 
  custom:CustomObjectIndexerAttribute: bc11b3a6c3213fcdd17b65e7da85e133 -> 
  custom:audio-encoder-webm-vorbis: bf7c407c2cedff20999df2af8eb42d56 -> 
  custom:framework-win-MediaFoundation: 216162199b28c13a410421893ffa2e32 -> 
  custom:container-demuxer-ogg: 62fdf1f143b41e24485cea50d1cbac27 -> 
  custom:video-decoder-webm-vp8: 9c59270c3fd7afecdb556c50c9e8de78 -> 
  custom:audio-decoder-ogg-vorbis: bf7c407c2cedff20999df2af8eb42d56 -> 
========================================================================
Received Prepare
Registering precompiled user dll's ...
Registered in 0.004204 seconds.
Begin MonoManager ReloadAssembly
Symbol file LoadedFromMemory doesn't match image D:\unity\KursyRougeLike\Library\PackageCache\com.unity.visualscripting@1.8.0\Editor\VisualScripting.Core\Dependencies\YamlDotNet\Unity.VisualScripting.YamlDotNet.dll
Symbol file LoadedFromMemory doesn't match image D:\unity\KursyRougeLike\Library\PackageCache\com.unity.visualscripting@1.8.0\Editor\VisualScripting.Core\Dependencies\DotNetZip\Unity.VisualScripting.IonicZip.dll
Native extension for WindowsStandalone target not found
Refreshing native plugins compatible for Editor in 1.30 ms, found 3 plugins.
Preloading 0 native plugins for Editor in 0.00 ms.
Mono: successfully reloaded assembly
- Completed reload, in  1.032 seconds
Domain Reload Profiling:
	ReloadAssembly (1033ms)
		BeginReloadAssembly (130ms)
			ExecutionOrderSort (0ms)
			DisableScriptedObjects (8ms)
			BackupInstance (0ms)
			ReleaseScriptingObjects (0ms)
			CreateAndSetChildDomain (34ms)
		EndReloadAssembly (811ms)
			LoadAssemblies (87ms)
			RebuildTransferFunctionScriptingTraits (0ms)
			SetupTypeCache (281ms)
			ReleaseScriptCaches (1ms)
			RebuildScriptCaches (45ms)
			SetupLoadedEditorAssemblies (355ms)
				LogAssemblyErrors (0ms)
				InitializePlatformSupportModulesInManaged (7ms)
				SetLoadedEditorAssemblies (1ms)
				RefreshPlugins (1ms)
				BeforeProcessingInitializeOnLoad (100ms)
				ProcessInitializeOnLoadAttributes (223ms)
				ProcessInitializeOnLoadMethodAttributes (20ms)
				AfterProcessingInitializeOnLoad (3ms)
				EditorAssembliesLoaded (0ms)
			ExecutionOrderSort2 (0ms)
			AwakeInstancesAfterBackupRestoration (7ms)
Platform modules already initialized, skipping
Refreshing native plugins compatible for Editor in 2.17 ms, found 3 plugins.
Preloading 0 native plugins for Editor in 0.00 ms.
Unloading 3046 Unused Serialized files (Serialized files now loaded: 0)
Unloading 15 unused Assets / (22.0 KB). Loaded Objects now: 3582.
Memory consumption went from 112.1 MB to 112.1 MB.
Total: 2.784700 ms (FindLiveObjects: 0.291900 ms CreateObjectMapping: 0.159400 ms MarkObjects: 2.308100 ms  DeleteObjects: 0.024000 ms)

AssetImportParameters requested are different than current active one (requested -> active):
  custom:video-decoder-ogg-theora: a1e56fd34408186e4bbccfd4996cb3dc -> 
  custom:container-muxer-webm: aa71ff27fc2769a1b78a27578f13a17b -> 
  custom:container-demuxer-webm: 4f35f7cbe854078d1ac9338744f61a02 -> 
  custom:video-encoder-webm-vp8: eb34c28f22e8b96e1ab97ce403110664 -> 
  custom:CustomObjectIndexerAttribute: bc11b3a6c3213fcdd17b65e7da85e133 -> 
  custom:audio-encoder-webm-vorbis: bf7c407c2cedff20999df2af8eb42d56 -> 
  custom:framework-win-MediaFoundation: 216162199b28c13a410421893ffa2e32 -> 
  custom:container-demuxer-ogg: 62fdf1f143b41e24485cea50d1cbac27 -> 
  custom:video-decoder-webm-vp8: 9c59270c3fd7afecdb556c50c9e8de78 -> 
  custom:audio-decoder-ogg-vorbis: bf7c407c2cedff20999df2af8eb42d56 -> 
========================================================================
Received Prepare
Registering precompiled user dll's ...
Registered in 0.003226 seconds.
Begin MonoManager ReloadAssembly
Symbol file LoadedFromMemory doesn't match image D:\unity\KursyRougeLike\Library\PackageCache\com.unity.visualscripting@1.8.0\Editor\VisualScripting.Core\Dependencies\YamlDotNet\Unity.VisualScripting.YamlDotNet.dll
Symbol file LoadedFromMemory doesn't match image D:\unity\KursyRougeLike\Library\PackageCache\com.unity.visualscripting@1.8.0\Editor\VisualScripting.Core\Dependencies\DotNetZip\Unity.VisualScripting.IonicZip.dll
Native extension for WindowsStandalone target not found
Refreshing native plugins compatible for Editor in 0.52 ms, found 3 plugins.
Preloading 0 native plugins for Editor in 0.00 ms.
Mono: successfully reloaded assembly
- Completed reload, in  1.011 seconds
Domain Reload Profiling:
	ReloadAssembly (1012ms)
		BeginReloadAssembly (145ms)
			ExecutionOrderSort (0ms)
			DisableScriptedObjects (6ms)
			BackupInstance (0ms)
			ReleaseScriptingObjects (0ms)
			CreateAndSetChildDomain (32ms)
		EndReloadAssembly (776ms)
			LoadAssemblies (94ms)
			RebuildTransferFunctionScriptingTraits (0ms)
			SetupTypeCache (282ms)
			ReleaseScriptCaches (1ms)
			RebuildScriptCaches (42ms)
			SetupLoadedEditorAssemblies (327ms)
				LogAssemblyErrors (0ms)
				InitializePlatformSupportModulesInManaged (5ms)
				SetLoadedEditorAssemblies (3ms)
				RefreshPlugins (1ms)
				BeforeProcessingInitializeOnLoad (72ms)
				ProcessInitializeOnLoadAttributes (222ms)
				ProcessInitializeOnLoadMethodAttributes (21ms)
				AfterProcessingInitializeOnLoad (3ms)
				EditorAssembliesLoaded (0ms)
			ExecutionOrderSort2 (0ms)
			AwakeInstancesAfterBackupRestoration (7ms)
Platform modules already initialized, skipping
Refreshing native plugins compatible for Editor in 1.35 ms, found 3 plugins.
Preloading 0 native plugins for Editor in 0.00 ms.
Unloading 3046 Unused Serialized files (Serialized files now loaded: 0)
Unloading 15 unused Assets / (22.1 KB). Loaded Objects now: 3585.
Memory consumption went from 112.1 MB to 112.1 MB.
Total: 2.707000 ms (FindLiveObjects: 0.287900 ms CreateObjectMapping: 0.192700 ms MarkObjects: 2.199300 ms  DeleteObjects: 0.025600 ms)

AssetImportParameters requested are different than current active one (requested -> active):
  custom:video-decoder-ogg-theora: a1e56fd34408186e4bbccfd4996cb3dc -> 
  custom:container-muxer-webm: aa71ff27fc2769a1b78a27578f13a17b -> 
  custom:container-demuxer-webm: 4f35f7cbe854078d1ac9338744f61a02 -> 
  custom:video-encoder-webm-vp8: eb34c28f22e8b96e1ab97ce403110664 -> 
  custom:CustomObjectIndexerAttribute: bc11b3a6c3213fcdd17b65e7da85e133 -> 
  custom:audio-encoder-webm-vorbis: bf7c407c2cedff20999df2af8eb42d56 -> 
  custom:framework-win-MediaFoundation: 216162199b28c13a410421893ffa2e32 -> 
  custom:container-demuxer-ogg: 62fdf1f143b41e24485cea50d1cbac27 -> 
  custom:video-decoder-webm-vp8: 9c59270c3fd7afecdb556c50c9e8de78 -> 
  custom:audio-decoder-ogg-vorbis: bf7c407c2cedff20999df2af8eb42d56 -> 
========================================================================
Received Prepare
Registering precompiled user dll's ...
Registered in 0.003151 seconds.
Begin MonoManager ReloadAssembly
Symbol file LoadedFromMemory doesn't match image D:\unity\KursyRougeLike\Library\PackageCache\com.unity.visualscripting@1.8.0\Editor\VisualScripting.Core\Dependencies\YamlDotNet\Unity.VisualScripting.YamlDotNet.dll
Symbol file LoadedFromMemory doesn't match image D:\unity\KursyRougeLike\Library\PackageCache\com.unity.visualscripting@1.8.0\Editor\VisualScripting.Core\Dependencies\DotNetZip\Unity.VisualScripting.IonicZip.dll
Native extension for WindowsStandalone target not found
Refreshing native plugins compatible for Editor in 0.46 ms, found 3 plugins.
Preloading 0 native plugins for Editor in 0.00 ms.
Mono: successfully reloaded assembly
- Completed reload, in  1.190 seconds
Domain Reload Profiling:
	ReloadAssembly (1191ms)
		BeginReloadAssembly (132ms)
			ExecutionOrderSort (0ms)
			DisableScriptedObjects (6ms)
			BackupInstance (0ms)
			ReleaseScriptingObjects (0ms)
			CreateAndSetChildDomain (31ms)
		EndReloadAssembly (969ms)
			LoadAssemblies (87ms)
			RebuildTransferFunctionScriptingTraits (0ms)
			SetupTypeCache (283ms)
			ReleaseScriptCaches (2ms)
			RebuildScriptCaches (50ms)
			SetupLoadedEditorAssemblies (470ms)
				LogAssemblyErrors (0ms)
				InitializePlatformSupportModulesInManaged (4ms)
				SetLoadedEditorAssemblies (0ms)
				RefreshPlugins (1ms)
				BeforeProcessingInitializeOnLoad (55ms)
				ProcessInitializeOnLoadAttributes (362ms)
				ProcessInitializeOnLoadMethodAttributes (40ms)
				AfterProcessingInitializeOnLoad (6ms)
				EditorAssembliesLoaded (0ms)
			ExecutionOrderSort2 (0ms)
			AwakeInstancesAfterBackupRestoration (12ms)
Platform modules already initialized, skipping
Refreshing native plugins compatible for Editor in 4.18 ms, found 3 plugins.
Preloading 0 native plugins for Editor in 0.00 ms.
Unloading 3046 Unused Serialized files (Serialized files now loaded: 0)
Unloading 15 unused Assets / (22.0 KB). Loaded Objects now: 3588.
Memory consumption went from 112.1 MB to 112.1 MB.
Total: 3.659400 ms (FindLiveObjects: 0.287800 ms CreateObjectMapping: 0.254300 ms MarkObjects: 3.093300 ms  DeleteObjects: 0.022300 ms)

AssetImportParameters requested are different than current active one (requested -> active):
  custom:video-decoder-ogg-theora: a1e56fd34408186e4bbccfd4996cb3dc -> 
  custom:container-muxer-webm: aa71ff27fc2769a1b78a27578f13a17b -> 
  custom:container-demuxer-webm: 4f35f7cbe854078d1ac9338744f61a02 -> 
  custom:video-encoder-webm-vp8: eb34c28f22e8b96e1ab97ce403110664 -> 
  custom:CustomObjectIndexerAttribute: bc11b3a6c3213fcdd17b65e7da85e133 -> 
  custom:audio-encoder-webm-vorbis: bf7c407c2cedff20999df2af8eb42d56 -> 
  custom:framework-win-MediaFoundation: 216162199b28c13a410421893ffa2e32 -> 
  custom:container-demuxer-ogg: 62fdf1f143b41e24485cea50d1cbac27 -> 
  custom:video-decoder-webm-vp8: 9c59270c3fd7afecdb556c50c9e8de78 -> 
  custom:audio-decoder-ogg-vorbis: bf7c407c2cedff20999df2af8eb42d56 -> 
========================================================================
Received Prepare
Registering precompiled user dll's ...
Registered in 0.003348 seconds.
Begin MonoManager ReloadAssembly
Symbol file LoadedFromMemory doesn't match image D:\unity\KursyRougeLike\Library\PackageCache\com.unity.visualscripting@1.8.0\Editor\VisualScripting.Core\Dependencies\YamlDotNet\Unity.VisualScripting.YamlDotNet.dll
Symbol file LoadedFromMemory doesn't match image D:\unity\KursyRougeLike\Library\PackageCache\com.unity.visualscripting@1.8.0\Editor\VisualScripting.Core\Dependencies\DotNetZip\Unity.VisualScripting.IonicZip.dll
Native extension for WindowsStandalone target not found
Refreshing native plugins compatible for Editor in 0.48 ms, found 3 plugins.
Preloading 0 native plugins for Editor in 0.00 ms.
Mono: successfully reloaded assembly
- Completed reload, in  1.123 seconds
Domain Reload Profiling:
	ReloadAssembly (1123ms)
		BeginReloadAssembly (139ms)
			ExecutionOrderSort (0ms)
			DisableScriptedObjects (6ms)
			BackupInstance (0ms)
			ReleaseScriptingObjects (0ms)
			CreateAndSetChildDomain (31ms)
		EndReloadAssembly (891ms)
			LoadAssemblies (106ms)
			RebuildTransferFunctionScriptingTraits (0ms)
			SetupTypeCache (288ms)
			ReleaseScriptCaches (1ms)
			RebuildScriptCaches (53ms)
			SetupLoadedEditorAssemblies (372ms)
				LogAssemblyErrors (0ms)
				InitializePlatformSupportModulesInManaged (4ms)
				SetLoadedEditorAssemblies (0ms)
				RefreshPlugins (1ms)
				BeforeProcessingInitializeOnLoad (59ms)
				ProcessInitializeOnLoadAttributes (278ms)
				ProcessInitializeOnLoadMethodAttributes (27ms)
				AfterProcessingInitializeOnLoad (4ms)
				EditorAssembliesLoaded (0ms)
			ExecutionOrderSort2 (0ms)
			AwakeInstancesAfterBackupRestoration (9ms)
Platform modules already initialized, skipping
Refreshing native plugins compatible for Editor in 1.40 ms, found 3 plugins.
Preloading 0 native plugins for Editor in 0.00 ms.
Unloading 3046 Unused Serialized files (Serialized files now loaded: 0)
Unloading 15 unused Assets / (22.0 KB). Loaded Objects now: 3591.
Memory consumption went from 112.1 MB to 112.1 MB.
Total: 2.804400 ms (FindLiveObjects: 0.294200 ms CreateObjectMapping: 0.228800 ms MarkObjects: 2.259000 ms  DeleteObjects: 0.021300 ms)

AssetImportParameters requested are different than current active one (requested -> active):
  custom:video-decoder-ogg-theora: a1e56fd34408186e4bbccfd4996cb3dc -> 
  custom:container-muxer-webm: aa71ff27fc2769a1b78a27578f13a17b -> 
  custom:container-demuxer-webm: 4f35f7cbe854078d1ac9338744f61a02 -> 
  custom:video-encoder-webm-vp8: eb34c28f22e8b96e1ab97ce403110664 -> 
  custom:CustomObjectIndexerAttribute: bc11b3a6c3213fcdd17b65e7da85e133 -> 
  custom:audio-encoder-webm-vorbis: bf7c407c2cedff20999df2af8eb42d56 -> 
  custom:framework-win-MediaFoundation: 216162199b28c13a410421893ffa2e32 -> 
  custom:container-demuxer-ogg: 62fdf1f143b41e24485cea50d1cbac27 -> 
  custom:video-decoder-webm-vp8: 9c59270c3fd7afecdb556c50c9e8de78 -> 
  custom:audio-decoder-ogg-vorbis: bf7c407c2cedff20999df2af8eb42d56 -> 
========================================================================
Received Prepare
Registering precompiled user dll's ...
Registered in 0.003930 seconds.
Begin MonoManager ReloadAssembly
Symbol file LoadedFromMemory doesn't match image D:\unity\KursyRougeLike\Library\PackageCache\com.unity.visualscripting@1.8.0\Editor\VisualScripting.Core\Dependencies\YamlDotNet\Unity.VisualScripting.YamlDotNet.dll
Symbol file LoadedFromMemory doesn't match image D:\unity\KursyRougeLike\Library\PackageCache\com.unity.visualscripting@1.8.0\Editor\VisualScripting.Core\Dependencies\DotNetZip\Unity.VisualScripting.IonicZip.dll
Native extension for WindowsStandalone target not found
Refreshing native plugins compatible for Editor in 0.60 ms, found 3 plugins.
Preloading 0 native plugins for Editor in 0.00 ms.
Mono: successfully reloaded assembly
- Completed reload, in  1.095 seconds
Domain Reload Profiling:
	ReloadAssembly (1096ms)
		BeginReloadAssembly (134ms)
			ExecutionOrderSort (0ms)
			DisableScriptedObjects (6ms)
			BackupInstance (0ms)
			ReleaseScriptingObjects (0ms)
			CreateAndSetChildDomain (30ms)
		EndReloadAssembly (872ms)
			LoadAssemblies (90ms)
			RebuildTransferFunctionScriptingTraits (0ms)
			SetupTypeCache (292ms)
			ReleaseScriptCaches (1ms)
			RebuildScriptCaches (62ms)
			SetupLoadedEditorAssemblies (384ms)
				LogAssemblyErrors (0ms)
				InitializePlatformSupportModulesInManaged (4ms)
				SetLoadedEditorAssemblies (0ms)
				RefreshPlugins (1ms)
				BeforeProcessingInitializeOnLoad (53ms)
				ProcessInitializeOnLoadAttributes (293ms)
				ProcessInitializeOnLoadMethodAttributes (29ms)
				AfterProcessingInitializeOnLoad (4ms)
				EditorAssembliesLoaded (0ms)
			ExecutionOrderSort2 (0ms)
			AwakeInstancesAfterBackupRestoration (10ms)
Platform modules already initialized, skipping
Refreshing native plugins compatible for Editor in 1.81 ms, found 3 plugins.
Preloading 0 native plugins for Editor in 0.00 ms.
Unloading 3046 Unused Serialized files (Serialized files now loaded: 0)
Unloading 15 unused Assets / (21.9 KB). Loaded Objects now: 3594.
Memory consumption went from 112.2 MB to 112.1 MB.
Total: 3.236800 ms (FindLiveObjects: 0.254300 ms CreateObjectMapping: 0.206500 ms MarkObjects: 2.753000 ms  DeleteObjects: 0.021900 ms)

AssetImportParameters requested are different than current active one (requested -> active):
  custom:video-decoder-ogg-theora: a1e56fd34408186e4bbccfd4996cb3dc -> 
  custom:container-muxer-webm: aa71ff27fc2769a1b78a27578f13a17b -> 
  custom:container-demuxer-webm: 4f35f7cbe854078d1ac9338744f61a02 -> 
  custom:video-encoder-webm-vp8: eb34c28f22e8b96e1ab97ce403110664 -> 
  custom:CustomObjectIndexerAttribute: bc11b3a6c3213fcdd17b65e7da85e133 -> 
  custom:audio-encoder-webm-vorbis: bf7c407c2cedff20999df2af8eb42d56 -> 
  custom:framework-win-MediaFoundation: 216162199b28c13a410421893ffa2e32 -> 
  custom:container-demuxer-ogg: 62fdf1f143b41e24485cea50d1cbac27 -> 
  custom:video-decoder-webm-vp8: 9c59270c3fd7afecdb556c50c9e8de78 -> 
  custom:audio-decoder-ogg-vorbis: bf7c407c2cedff20999df2af8eb42d56 -> 
========================================================================
Received Prepare
Registering precompiled user dll's ...
Registered in 0.003139 seconds.
Begin MonoManager ReloadAssembly
Symbol file LoadedFromMemory doesn't match image D:\unity\KursyRougeLike\Library\PackageCache\com.unity.visualscripting@1.8.0\Editor\VisualScripting.Core\Dependencies\YamlDotNet\Unity.VisualScripting.YamlDotNet.dll
Symbol file LoadedFromMemory doesn't match image D:\unity\KursyRougeLike\Library\PackageCache\com.unity.visualscripting@1.8.0\Editor\VisualScripting.Core\Dependencies\DotNetZip\Unity.VisualScripting.IonicZip.dll
Native extension for WindowsStandalone target not found
Refreshing native plugins compatible for Editor in 0.63 ms, found 3 plugins.
Preloading 0 native plugins for Editor in 0.00 ms.
Mono: successfully reloaded assembly
- Completed reload, in  1.149 seconds
Domain Reload Profiling:
	ReloadAssembly (1150ms)
		BeginReloadAssembly (139ms)
			ExecutionOrderSort (0ms)
			DisableScriptedObjects (6ms)
			BackupInstance (0ms)
			ReleaseScriptingObjects (0ms)
			CreateAndSetChildDomain (31ms)
		EndReloadAssembly (917ms)
			LoadAssemblies (92ms)
			RebuildTransferFunctionScriptingTraits (0ms)
			SetupTypeCache (280ms)
			ReleaseScriptCaches (1ms)
			RebuildScriptCaches (57ms)
			SetupLoadedEditorAssemblies (444ms)
				LogAssemblyErrors (0ms)
				InitializePlatformSupportModulesInManaged (13ms)
				SetLoadedEditorAssemblies (1ms)
				RefreshPlugins (1ms)
				BeforeProcessingInitializeOnLoad (61ms)
				ProcessInitializeOnLoadAttributes (331ms)
				ProcessInitializeOnLoadMethodAttributes (32ms)
				AfterProcessingInitializeOnLoad (5ms)
				EditorAssembliesLoaded (0ms)
			ExecutionOrderSort2 (0ms)
			AwakeInstancesAfterBackupRestoration (9ms)
Platform modules already initialized, skipping
Refreshing native plugins compatible for Editor in 1.48 ms, found 3 plugins.
Preloading 0 native plugins for Editor in 0.00 ms.
Unloading 3046 Unused Serialized files (Serialized files now loaded: 0)
Unloading 15 unused Assets / (22.0 KB). Loaded Objects now: 3597.
Memory consumption went from 112.2 MB to 112.1 MB.
Total: 3.082400 ms (FindLiveObjects: 0.287500 ms CreateObjectMapping: 0.223100 ms MarkObjects: 2.547300 ms  DeleteObjects: 0.023400 ms)

AssetImportParameters requested are different than current active one (requested -> active):
  custom:video-decoder-ogg-theora: a1e56fd34408186e4bbccfd4996cb3dc -> 
  custom:container-muxer-webm: aa71ff27fc2769a1b78a27578f13a17b -> 
  custom:container-demuxer-webm: 4f35f7cbe854078d1ac9338744f61a02 -> 
  custom:video-encoder-webm-vp8: eb34c28f22e8b96e1ab97ce403110664 -> 
  custom:CustomObjectIndexerAttribute: bc11b3a6c3213fcdd17b65e7da85e133 -> 
  custom:audio-encoder-webm-vorbis: bf7c407c2cedff20999df2af8eb42d56 -> 
  custom:framework-win-MediaFoundation: 216162199b28c13a410421893ffa2e32 -> 
  custom:container-demuxer-ogg: 62fdf1f143b41e24485cea50d1cbac27 -> 
  custom:video-decoder-webm-vp8: 9c59270c3fd7afecdb556c50c9e8de78 -> 
  custom:audio-decoder-ogg-vorbis: bf7c407c2cedff20999df2af8eb42d56 -> 
========================================================================
Received Prepare
Registering precompiled user dll's ...
Registered in 0.003142 seconds.
Begin MonoManager ReloadAssembly
Symbol file LoadedFromMemory doesn't match image D:\unity\KursyRougeLike\Library\PackageCache\com.unity.visualscripting@1.8.0\Editor\VisualScripting.Core\Dependencies\YamlDotNet\Unity.VisualScripting.YamlDotNet.dll
Symbol file LoadedFromMemory doesn't match image D:\unity\KursyRougeLike\Library\PackageCache\com.unity.visualscripting@1.8.0\Editor\VisualScripting.Core\Dependencies\DotNetZip\Unity.VisualScripting.IonicZip.dll
Native extension for WindowsStandalone target not found
Refreshing native plugins compatible for Editor in 0.47 ms, found 3 plugins.
Preloading 0 native plugins for Editor in 0.00 ms.
Mono: successfully reloaded assembly
- Completed reload, in  1.202 seconds
Domain Reload Profiling:
	ReloadAssembly (1203ms)
		BeginReloadAssembly (143ms)
			ExecutionOrderSort (0ms)
			DisableScriptedObjects (6ms)
			BackupInstance (0ms)
			ReleaseScriptingObjects (0ms)
			CreateAndSetChildDomain (32ms)
		EndReloadAssembly (970ms)
			LoadAssemblies (105ms)
			RebuildTransferFunctionScriptingTraits (0ms)
			SetupTypeCache (300ms)
			ReleaseScriptCaches (1ms)
			RebuildScriptCaches (54ms)
			SetupLoadedEditorAssemblies (440ms)
				LogAssemblyErrors (0ms)
				InitializePlatformSupportModulesInManaged (5ms)
				SetLoadedEditorAssemblies (1ms)
				RefreshPlugins (1ms)
				BeforeProcessingInitializeOnLoad (69ms)
				ProcessInitializeOnLoadAttributes (291ms)
				ProcessInitializeOnLoadMethodAttributes (50ms)
				AfterProcessingInitializeOnLoad (24ms)
				EditorAssembliesLoaded (0ms)
			ExecutionOrderSort2 (0ms)
			AwakeInstancesAfterBackupRestoration (11ms)
Platform modules already initialized, skipping
Refreshing native plugins compatible for Editor in 1.77 ms, found 3 plugins.
Preloading 0 native plugins for Editor in 0.00 ms.
Unloading 3046 Unused Serialized files (Serialized files now loaded: 0)
Unloading 15 unused Assets / (22.0 KB). Loaded Objects now: 3600.
Memory consumption went from 112.2 MB to 112.2 MB.
Total: 4.852700 ms (FindLiveObjects: 0.390600 ms CreateObjectMapping: 0.223600 ms MarkObjects: 4.207600 ms  DeleteObjects: 0.029700 ms)

AssetImportParameters requested are different than current active one (requested -> active):
  custom:video-decoder-ogg-theora: a1e56fd34408186e4bbccfd4996cb3dc -> 
  custom:container-muxer-webm: aa71ff27fc2769a1b78a27578f13a17b -> 
  custom:container-demuxer-webm: 4f35f7cbe854078d1ac9338744f61a02 -> 
  custom:video-encoder-webm-vp8: eb34c28f22e8b96e1ab97ce403110664 -> 
  custom:CustomObjectIndexerAttribute: bc11b3a6c3213fcdd17b65e7da85e133 -> 
  custom:audio-encoder-webm-vorbis: bf7c407c2cedff20999df2af8eb42d56 -> 
  custom:framework-win-MediaFoundation: 216162199b28c13a410421893ffa2e32 -> 
  custom:container-demuxer-ogg: 62fdf1f143b41e24485cea50d1cbac27 -> 
  custom:video-decoder-webm-vp8: 9c59270c3fd7afecdb556c50c9e8de78 -> 
  custom:audio-decoder-ogg-vorbis: bf7c407c2cedff20999df2af8eb42d56 -> 
========================================================================
Received Prepare
Registering precompiled user dll's ...
Registered in 0.003335 seconds.
Begin MonoManager ReloadAssembly
Symbol file LoadedFromMemory doesn't match image D:\unity\KursyRougeLike\Library\PackageCache\com.unity.visualscripting@1.8.0\Editor\VisualScripting.Core\Dependencies\YamlDotNet\Unity.VisualScripting.YamlDotNet.dll
Symbol file LoadedFromMemory doesn't match image D:\unity\KursyRougeLike\Library\PackageCache\com.unity.visualscripting@1.8.0\Editor\VisualScripting.Core\Dependencies\DotNetZip\Unity.VisualScripting.IonicZip.dll
Native extension for WindowsStandalone target not found
Refreshing native plugins compatible for Editor in 0.57 ms, found 3 plugins.
Preloading 0 native plugins for Editor in 0.00 ms.
Mono: successfully reloaded assembly
- Completed reload, in  1.075 seconds
Domain Reload Profiling:
	ReloadAssembly (1075ms)
		BeginReloadAssembly (138ms)
			ExecutionOrderSort (0ms)
			DisableScriptedObjects (6ms)
			BackupInstance (0ms)
			ReleaseScriptingObjects (0ms)
			CreateAndSetChildDomain (34ms)
		EndReloadAssembly (842ms)
			LoadAssemblies (89ms)
			RebuildTransferFunctionScriptingTraits (0ms)
			SetupTypeCache (320ms)
			ReleaseScriptCaches (1ms)
			RebuildScriptCaches (38ms)
			SetupLoadedEditorAssemblies (354ms)
				LogAssemblyErrors (0ms)
				InitializePlatformSupportModulesInManaged (4ms)
				SetLoadedEditorAssemblies (1ms)
				RefreshPlugins (1ms)
				BeforeProcessingInitializeOnLoad (64ms)
				ProcessInitializeOnLoadAttributes (257ms)
				ProcessInitializeOnLoadMethodAttributes (24ms)
				AfterProcessingInitializeOnLoad (3ms)
				EditorAssembliesLoaded (0ms)
			ExecutionOrderSort2 (0ms)
			AwakeInstancesAfterBackupRestoration (12ms)
Platform modules already initialized, skipping
Refreshing native plugins compatible for Editor in 1.64 ms, found 3 plugins.
Preloading 0 native plugins for Editor in 0.00 ms.
Unloading 3046 Unused Serialized files (Serialized files now loaded: 0)
Unloading 15 unused Assets / (22.1 KB). Loaded Objects now: 3603.
Memory consumption went from 112.2 MB to 112.2 MB.
Total: 3.256200 ms (FindLiveObjects: 0.248400 ms CreateObjectMapping: 0.198800 ms MarkObjects: 2.780000 ms  DeleteObjects: 0.027800 ms)

AssetImportParameters requested are different than current active one (requested -> active):
  custom:video-decoder-ogg-theora: a1e56fd34408186e4bbccfd4996cb3dc -> 
  custom:container-muxer-webm: aa71ff27fc2769a1b78a27578f13a17b -> 
  custom:container-demuxer-webm: 4f35f7cbe854078d1ac9338744f61a02 -> 
  custom:video-encoder-webm-vp8: eb34c28f22e8b96e1ab97ce403110664 -> 
  custom:CustomObjectIndexerAttribute: bc11b3a6c3213fcdd17b65e7da85e133 -> 
  custom:audio-encoder-webm-vorbis: bf7c407c2cedff20999df2af8eb42d56 -> 
  custom:framework-win-MediaFoundation: 216162199b28c13a410421893ffa2e32 -> 
  custom:container-demuxer-ogg: 62fdf1f143b41e24485cea50d1cbac27 -> 
  custom:video-decoder-webm-vp8: 9c59270c3fd7afecdb556c50c9e8de78 -> 
  custom:audio-decoder-ogg-vorbis: bf7c407c2cedff20999df2af8eb42d56 -> 
========================================================================
Received Import Request.
  Time since last request: 922.157810 seconds.
  path: Assets/Scripts/Generation.cs
  artifactKey: Guid(6f598b96e7d693047b06c04b86e33a63) Importer(815301076,1909f56bfc062723c751e8b465ee728b)
Start importing Assets/Scripts/Generation.cs using Guid(6f598b96e7d693047b06c04b86e33a63) Importer(815301076,1909f56bfc062723c751e8b465ee728b)  -> (artifact id: '9d0b7571d87899cb67647cebeab3e3f7') in 0.012393 seconds 
========================================================================
Received Import Request.
  Time since last request: 2.959132 seconds.
  path: Assets/Scripts/DungeonGenerator.cs
  artifactKey: Guid(0efc98f789c32c04aa7e3ab3fddec655) Importer(815301076,1909f56bfc062723c751e8b465ee728b)
Start importing Assets/Scripts/DungeonGenerator.cs using Guid(0efc98f789c32c04aa7e3ab3fddec655) Importer(815301076,1909f56bfc062723c751e8b465ee728b)  -> (artifact id: 'bdf6b039fd5a9313550e201194d50f40') in 0.017786 seconds 
========================================================================
Received Prepare
Registering precompiled user dll's ...
Registered in 0.003652 seconds.
Begin MonoManager ReloadAssembly
Symbol file LoadedFromMemory doesn't match image D:\unity\KursyRougeLike\Library\PackageCache\com.unity.visualscripting@1.8.0\Editor\VisualScripting.Core\Dependencies\YamlDotNet\Unity.VisualScripting.YamlDotNet.dll
Symbol file LoadedFromMemory doesn't match image D:\unity\KursyRougeLike\Library\PackageCache\com.unity.visualscripting@1.8.0\Editor\VisualScripting.Core\Dependencies\DotNetZip\Unity.VisualScripting.IonicZip.dll
Native extension for WindowsStandalone target not found
Refreshing native plugins compatible for Editor in 0.51 ms, found 3 plugins.
Preloading 0 native plugins for Editor in 0.00 ms.
Mono: successfully reloaded assembly
- Completed reload, in  1.369 seconds
Domain Reload Profiling:
	ReloadAssembly (1370ms)
		BeginReloadAssembly (218ms)
			ExecutionOrderSort (0ms)
			DisableScriptedObjects (11ms)
			BackupInstance (0ms)
			ReleaseScriptingObjects (0ms)
			CreateAndSetChildDomain (41ms)
		EndReloadAssembly (1027ms)
			LoadAssemblies (101ms)
			RebuildTransferFunctionScriptingTraits (0ms)
			SetupTypeCache (515ms)
			ReleaseScriptCaches (1ms)
			RebuildScriptCaches (41ms)
			SetupLoadedEditorAssemblies (342ms)
				LogAssemblyErrors (0ms)
				InitializePlatformSupportModulesInManaged (7ms)
				SetLoadedEditorAssemblies (1ms)
				RefreshPlugins (1ms)
				BeforeProcessingInitializeOnLoad (61ms)
				ProcessInitializeOnLoadAttributes (248ms)
				ProcessInitializeOnLoadMethodAttributes (22ms)
				AfterProcessingInitializeOnLoad (3ms)
				EditorAssembliesLoaded (0ms)
			ExecutionOrderSort2 (0ms)
			AwakeInstancesAfterBackupRestoration (6ms)
Platform modules already initialized, skipping
Refreshing native plugins compatible for Editor in 1.39 ms, found 3 plugins.
Preloading 0 native plugins for Editor in 0.00 ms.
Unloading 3046 Unused Serialized files (Serialized files now loaded: 0)
Unloading 15 unused Assets / (22.0 KB). Loaded Objects now: 3606.
Memory consumption went from 112.2 MB to 112.2 MB.
Total: 2.972500 ms (FindLiveObjects: 0.291400 ms CreateObjectMapping: 0.179500 ms MarkObjects: 2.473200 ms  DeleteObjects: 0.027300 ms)

AssetImportParameters requested are different than current active one (requested -> active):
  custom:video-decoder-ogg-theora: a1e56fd34408186e4bbccfd4996cb3dc -> 
  custom:container-muxer-webm: aa71ff27fc2769a1b78a27578f13a17b -> 
  custom:container-demuxer-webm: 4f35f7cbe854078d1ac9338744f61a02 -> 
  custom:video-encoder-webm-vp8: eb34c28f22e8b96e1ab97ce403110664 -> 
  custom:CustomObjectIndexerAttribute: bc11b3a6c3213fcdd17b65e7da85e133 -> 
  custom:audio-encoder-webm-vorbis: bf7c407c2cedff20999df2af8eb42d56 -> 
  custom:framework-win-MediaFoundation: 216162199b28c13a410421893ffa2e32 -> 
  custom:container-demuxer-ogg: 62fdf1f143b41e24485cea50d1cbac27 -> 
  custom:video-decoder-webm-vp8: 9c59270c3fd7afecdb556c50c9e8de78 -> 
  custom:audio-decoder-ogg-vorbis: bf7c407c2cedff20999df2af8eb42d56 -> 
========================================================================
Received Prepare
Registering precompiled user dll's ...
Registered in 0.003778 seconds.
Begin MonoManager ReloadAssembly
Symbol file LoadedFromMemory doesn't match image D:\unity\KursyRougeLike\Library\PackageCache\com.unity.visualscripting@1.8.0\Editor\VisualScripting.Core\Dependencies\YamlDotNet\Unity.VisualScripting.YamlDotNet.dll
Symbol file LoadedFromMemory doesn't match image D:\unity\KursyRougeLike\Library\PackageCache\com.unity.visualscripting@1.8.0\Editor\VisualScripting.Core\Dependencies\DotNetZip\Unity.VisualScripting.IonicZip.dll
Native extension for WindowsStandalone target not found
Refreshing native plugins compatible for Editor in 0.47 ms, found 3 plugins.
Preloading 0 native plugins for Editor in 0.00 ms.
Mono: successfully reloaded assembly
- Completed reload, in  1.862 seconds
Domain Reload Profiling:
	ReloadAssembly (1863ms)
		BeginReloadAssembly (363ms)
			ExecutionOrderSort (0ms)
			DisableScriptedObjects (8ms)
			BackupInstance (0ms)
			ReleaseScriptingObjects (0ms)
			CreateAndSetChildDomain (169ms)
		EndReloadAssembly (1365ms)
			LoadAssemblies (185ms)
			RebuildTransferFunctionScriptingTraits (0ms)
			SetupTypeCache (766ms)
			ReleaseScriptCaches (2ms)
			RebuildScriptCaches (59ms)
			SetupLoadedEditorAssemblies (358ms)
				LogAssemblyErrors (0ms)
				InitializePlatformSupportModulesInManaged (4ms)
				SetLoadedEditorAssemblies (1ms)
				RefreshPlugins (1ms)
				BeforeProcessingInitializeOnLoad (76ms)
				ProcessInitializeOnLoadAttributes (250ms)
				ProcessInitializeOnLoadMethodAttributes (23ms)
				AfterProcessingInitializeOnLoad (4ms)
				EditorAssembliesLoaded (0ms)
			ExecutionOrderSort2 (0ms)
			AwakeInstancesAfterBackupRestoration (7ms)
Platform modules already initialized, skipping
Refreshing native plugins compatible for Editor in 2.97 ms, found 3 plugins.
Preloading 0 native plugins for Editor in 0.00 ms.
Unloading 3046 Unused Serialized files (Serialized files now loaded: 0)
Unloading 15 unused Assets / (22.0 KB). Loaded Objects now: 3609.
Memory consumption went from 112.2 MB to 112.2 MB.
Total: 2.732300 ms (FindLiveObjects: 0.247100 ms CreateObjectMapping: 0.143500 ms MarkObjects: 2.317000 ms  DeleteObjects: 0.023200 ms)

AssetImportParameters requested are different than current active one (requested -> active):
  custom:video-decoder-ogg-theora: a1e56fd34408186e4bbccfd4996cb3dc -> 
  custom:container-muxer-webm: aa71ff27fc2769a1b78a27578f13a17b -> 
  custom:container-demuxer-webm: 4f35f7cbe854078d1ac9338744f61a02 -> 
  custom:video-encoder-webm-vp8: eb34c28f22e8b96e1ab97ce403110664 -> 
  custom:CustomObjectIndexerAttribute: bc11b3a6c3213fcdd17b65e7da85e133 -> 
  custom:audio-encoder-webm-vorbis: bf7c407c2cedff20999df2af8eb42d56 -> 
  custom:framework-win-MediaFoundation: 216162199b28c13a410421893ffa2e32 -> 
  custom:container-demuxer-ogg: 62fdf1f143b41e24485cea50d1cbac27 -> 
  custom:video-decoder-webm-vp8: 9c59270c3fd7afecdb556c50c9e8de78 -> 
  custom:audio-decoder-ogg-vorbis: bf7c407c2cedff20999df2af8eb42d56 -> 
========================================================================
Received Import Request.
  Time since last request: 44.987223 seconds.
  path: Assets/Scripts/DungeonGenerator.cs
  artifactKey: Guid(0efc98f789c32c04aa7e3ab3fddec655) Importer(815301076,1909f56bfc062723c751e8b465ee728b)
Start importing Assets/Scripts/DungeonGenerator.cs using Guid(0efc98f789c32c04aa7e3ab3fddec655) Importer(815301076,1909f56bfc062723c751e8b465ee728b)  -> (artifact id: 'c5e2d033e6e9594c9438f2be22acb363') in 0.010257 seconds 
========================================================================
Received Prepare
Registering precompiled user dll's ...
Registered in 0.003309 seconds.
Begin MonoManager ReloadAssembly
Symbol file LoadedFromMemory doesn't match image D:\unity\KursyRougeLike\Library\PackageCache\com.unity.visualscripting@1.8.0\Editor\VisualScripting.Core\Dependencies\YamlDotNet\Unity.VisualScripting.YamlDotNet.dll
Symbol file LoadedFromMemory doesn't match image D:\unity\KursyRougeLike\Library\PackageCache\com.unity.visualscripting@1.8.0\Editor\VisualScripting.Core\Dependencies\DotNetZip\Unity.VisualScripting.IonicZip.dll
Native extension for WindowsStandalone target not found
Refreshing native plugins compatible for Editor in 0.59 ms, found 3 plugins.
Preloading 0 native plugins for Editor in 0.00 ms.
Mono: successfully reloaded assembly
- Completed reload, in  1.320 seconds
Domain Reload Profiling:
	ReloadAssembly (1320ms)
		BeginReloadAssembly (166ms)
			ExecutionOrderSort (0ms)
			DisableScriptedObjects (8ms)
			BackupInstance (0ms)
			ReleaseScriptingObjects (0ms)
			CreateAndSetChildDomain (35ms)
		EndReloadAssembly (1038ms)
			LoadAssemblies (115ms)
			RebuildTransferFunctionScriptingTraits (0ms)
			SetupTypeCache (349ms)
			ReleaseScriptCaches (2ms)
			RebuildScriptCaches (64ms)
			SetupLoadedEditorAssemblies (460ms)
				LogAssemblyErrors (0ms)
				InitializePlatformSupportModulesInManaged (5ms)
				SetLoadedEditorAssemblies (1ms)
				RefreshPlugins (1ms)
				BeforeProcessingInitializeOnLoad (72ms)
				ProcessInitializeOnLoadAttributes (341ms)
				ProcessInitializeOnLoadMethodAttributes (36ms)
				AfterProcessingInitializeOnLoad (5ms)
				EditorAssembliesLoaded (0ms)
			ExecutionOrderSort2 (0ms)
			AwakeInstancesAfterBackupRestoration (11ms)
Platform modules already initialized, skipping
Refreshing native plugins compatible for Editor in 1.37 ms, found 3 plugins.
Preloading 0 native plugins for Editor in 0.00 ms.
Unloading 3046 Unused Serialized files (Serialized files now loaded: 0)
Unloading 15 unused Assets / (22.0 KB). Loaded Objects now: 3612.
Memory consumption went from 112.2 MB to 112.2 MB.
Total: 3.903400 ms (FindLiveObjects: 0.256300 ms CreateObjectMapping: 0.173200 ms MarkObjects: 3.447700 ms  DeleteObjects: 0.025100 ms)

AssetImportParameters requested are different than current active one (requested -> active):
  custom:video-decoder-ogg-theora: a1e56fd34408186e4bbccfd4996cb3dc -> 
  custom:container-muxer-webm: aa71ff27fc2769a1b78a27578f13a17b -> 
  custom:container-demuxer-webm: 4f35f7cbe854078d1ac9338744f61a02 -> 
  custom:video-encoder-webm-vp8: eb34c28f22e8b96e1ab97ce403110664 -> 
  custom:CustomObjectIndexerAttribute: bc11b3a6c3213fcdd17b65e7da85e133 -> 
  custom:audio-encoder-webm-vorbis: bf7c407c2cedff20999df2af8eb42d56 -> 
  custom:framework-win-MediaFoundation: 216162199b28c13a410421893ffa2e32 -> 
  custom:container-demuxer-ogg: 62fdf1f143b41e24485cea50d1cbac27 -> 
  custom:video-decoder-webm-vp8: 9c59270c3fd7afecdb556c50c9e8de78 -> 
  custom:audio-decoder-ogg-vorbis: bf7c407c2cedff20999df2af8eb42d56 -> 
========================================================================
Received Prepare
Registering precompiled user dll's ...
Registered in 0.003869 seconds.
Begin MonoManager ReloadAssembly
Symbol file LoadedFromMemory doesn't match image D:\unity\KursyRougeLike\Library\PackageCache\com.unity.visualscripting@1.8.0\Editor\VisualScripting.Core\Dependencies\YamlDotNet\Unity.VisualScripting.YamlDotNet.dll
Symbol file LoadedFromMemory doesn't match image D:\unity\KursyRougeLike\Library\PackageCache\com.unity.visualscripting@1.8.0\Editor\VisualScripting.Core\Dependencies\DotNetZip\Unity.VisualScripting.IonicZip.dll
Native extension for WindowsStandalone target not found
Refreshing native plugins compatible for Editor in 0.59 ms, found 3 plugins.
Preloading 0 native plugins for Editor in 0.00 ms.
Mono: successfully reloaded assembly
- Completed reload, in  1.578 seconds
Domain Reload Profiling:
	ReloadAssembly (1579ms)
		BeginReloadAssembly (192ms)
			ExecutionOrderSort (0ms)
			DisableScriptedObjects (7ms)
			BackupInstance (0ms)
			ReleaseScriptingObjects (0ms)
			CreateAndSetChildDomain (35ms)
		EndReloadAssembly (1076ms)
			LoadAssemblies (161ms)
			RebuildTransferFunctionScriptingTraits (0ms)
			SetupTypeCache (360ms)
			ReleaseScriptCaches (1ms)
			RebuildScriptCaches (59ms)
			SetupLoadedEditorAssemblies (481ms)
				LogAssemblyErrors (0ms)
				InitializePlatformSupportModulesInManaged (8ms)
				SetLoadedEditorAssemblies (1ms)
				RefreshPlugins (1ms)
				BeforeProcessingInitializeOnLoad (87ms)
				ProcessInitializeOnLoadAttributes (353ms)
				ProcessInitializeOnLoadMethodAttributes (29ms)
				AfterProcessingInitializeOnLoad (3ms)
				EditorAssembliesLoaded (0ms)
			ExecutionOrderSort2 (0ms)
			AwakeInstancesAfterBackupRestoration (11ms)
Platform modules already initialized, skipping
Refreshing native plugins compatible for Editor in 2.27 ms, found 3 plugins.
Preloading 0 native plugins for Editor in 0.00 ms.
Unloading 3046 Unused Serialized files (Serialized files now loaded: 0)
Unloading 15 unused Assets / (22.0 KB). Loaded Objects now: 3615.
Memory consumption went from 112.2 MB to 112.2 MB.
Total: 5.605300 ms (FindLiveObjects: 0.315700 ms CreateObjectMapping: 0.179300 ms MarkObjects: 5.086700 ms  DeleteObjects: 0.022600 ms)

AssetImportParameters requested are different than current active one (requested -> active):
  custom:video-decoder-ogg-theora: a1e56fd34408186e4bbccfd4996cb3dc -> 
  custom:container-muxer-webm: aa71ff27fc2769a1b78a27578f13a17b -> 
  custom:container-demuxer-webm: 4f35f7cbe854078d1ac9338744f61a02 -> 
  custom:video-encoder-webm-vp8: eb34c28f22e8b96e1ab97ce403110664 -> 
  custom:CustomObjectIndexerAttribute: bc11b3a6c3213fcdd17b65e7da85e133 -> 
  custom:audio-encoder-webm-vorbis: bf7c407c2cedff20999df2af8eb42d56 -> 
  custom:framework-win-MediaFoundation: 216162199b28c13a410421893ffa2e32 -> 
  custom:container-demuxer-ogg: 62fdf1f143b41e24485cea50d1cbac27 -> 
  custom:video-decoder-webm-vp8: 9c59270c3fd7afecdb556c50c9e8de78 -> 
  custom:audio-decoder-ogg-vorbis: bf7c407c2cedff20999df2af8eb42d56 -> 
========================================================================
Received Import Request.
  Time since last request: 178.791821 seconds.
  path: Assets/Prefabs/_.prefab
  artifactKey: Guid(62253af91bc4923468f59291c5c0c876) Importer(815301076,1909f56bfc062723c751e8b465ee728b)
Start importing Assets/Prefabs/_.prefab using Guid(62253af91bc4923468f59291c5c0c876) Importer(815301076,1909f56bfc062723c751e8b465ee728b)  -> (artifact id: '8b11a7121642bc22b293300c5499ccf1') in 0.098465 seconds 
========================================================================
Received Prepare
Registering precompiled user dll's ...
Registered in 0.003473 seconds.
Begin MonoManager ReloadAssembly
Symbol file LoadedFromMemory doesn't match image D:\unity\KursyRougeLike\Library\PackageCache\com.unity.visualscripting@1.8.0\Editor\VisualScripting.Core\Dependencies\YamlDotNet\Unity.VisualScripting.YamlDotNet.dll
Symbol file LoadedFromMemory doesn't match image D:\unity\KursyRougeLike\Library\PackageCache\com.unity.visualscripting@1.8.0\Editor\VisualScripting.Core\Dependencies\DotNetZip\Unity.VisualScripting.IonicZip.dll
Native extension for WindowsStandalone target not found
Refreshing native plugins compatible for Editor in 0.57 ms, found 3 plugins.
Preloading 0 native plugins for Editor in 0.00 ms.
Mono: successfully reloaded assembly
- Completed reload, in  1.176 seconds
Domain Reload Profiling:
	ReloadAssembly (1177ms)
		BeginReloadAssembly (146ms)
			ExecutionOrderSort (0ms)
			DisableScriptedObjects (5ms)
			BackupInstance (0ms)
			ReleaseScriptingObjects (0ms)
			CreateAndSetChildDomain (32ms)
		EndReloadAssembly (933ms)
			LoadAssemblies (95ms)
			RebuildTransferFunctionScriptingTraits (0ms)
			SetupTypeCache (319ms)
			ReleaseScriptCaches (1ms)
			RebuildScriptCaches (50ms)
			SetupLoadedEditorAssemblies (415ms)
				LogAssemblyErrors (0ms)
				InitializePlatformSupportModulesInManaged (4ms)
				SetLoadedEditorAssemblies (0ms)
				RefreshPlugins (1ms)
				BeforeProcessingInitializeOnLoad (78ms)
				ProcessInitializeOnLoadAttributes (297ms)
				ProcessInitializeOnLoadMethodAttributes (31ms)
				AfterProcessingInitializeOnLoad (4ms)
				EditorAssembliesLoaded (0ms)
			ExecutionOrderSort2 (0ms)
			AwakeInstancesAfterBackupRestoration (13ms)
Platform modules already initialized, skipping
Refreshing native plugins compatible for Editor in 1.71 ms, found 3 plugins.
Preloading 0 native plugins for Editor in 0.00 ms.
Unloading 3046 Unused Serialized files (Serialized files now loaded: 0)
Unloading 15 unused Assets / (22.0 KB). Loaded Objects now: 3618.
Memory consumption went from 112.2 MB to 112.2 MB.
Total: 5.354700 ms (FindLiveObjects: 0.263500 ms CreateObjectMapping: 0.560700 ms MarkObjects: 4.504600 ms  DeleteObjects: 0.024700 ms)

AssetImportParameters requested are different than current active one (requested -> active):
  custom:video-decoder-ogg-theora: a1e56fd34408186e4bbccfd4996cb3dc -> 
  custom:container-muxer-webm: aa71ff27fc2769a1b78a27578f13a17b -> 
  custom:container-demuxer-webm: 4f35f7cbe854078d1ac9338744f61a02 -> 
  custom:video-encoder-webm-vp8: eb34c28f22e8b96e1ab97ce403110664 -> 
  custom:CustomObjectIndexerAttribute: bc11b3a6c3213fcdd17b65e7da85e133 -> 
  custom:audio-encoder-webm-vorbis: bf7c407c2cedff20999df2af8eb42d56 -> 
  custom:framework-win-MediaFoundation: 216162199b28c13a410421893ffa2e32 -> 
  custom:container-demuxer-ogg: 62fdf1f143b41e24485cea50d1cbac27 -> 
  custom:video-decoder-webm-vp8: 9c59270c3fd7afecdb556c50c9e8de78 -> 
  custom:audio-decoder-ogg-vorbis: bf7c407c2cedff20999df2af8eb42d56 -> 
========================================================================
Received Prepare
Registering precompiled user dll's ...
Registered in 0.003874 seconds.
Begin MonoManager ReloadAssembly
Symbol file LoadedFromMemory doesn't match image D:\unity\KursyRougeLike\Library\PackageCache\com.unity.visualscripting@1.8.0\Editor\VisualScripting.Core\Dependencies\YamlDotNet\Unity.VisualScripting.YamlDotNet.dll
Symbol file LoadedFromMemory doesn't match image D:\unity\KursyRougeLike\Library\PackageCache\com.unity.visualscripting@1.8.0\Editor\VisualScripting.Core\Dependencies\DotNetZip\Unity.VisualScripting.IonicZip.dll
Native extension for WindowsStandalone target not found
Refreshing native plugins compatible for Editor in 0.48 ms, found 3 plugins.
Preloading 0 native plugins for Editor in 0.00 ms.
Mono: successfully reloaded assembly
- Completed reload, in  1.175 seconds
Domain Reload Profiling:
	ReloadAssembly (1176ms)
		BeginReloadAssembly (139ms)
			ExecutionOrderSort (0ms)
			DisableScriptedObjects (6ms)
			BackupInstance (0ms)
			ReleaseScriptingObjects (0ms)
			CreateAndSetChildDomain (30ms)
		EndReloadAssembly (942ms)
			LoadAssemblies (98ms)
			RebuildTransferFunctionScriptingTraits (0ms)
			SetupTypeCache (319ms)
			ReleaseScriptCaches (1ms)
			RebuildScriptCaches (53ms)
			SetupLoadedEditorAssemblies (426ms)
				LogAssemblyErrors (0ms)
				InitializePlatformSupportModulesInManaged (4ms)
				SetLoadedEditorAssemblies (0ms)
				RefreshPlugins (1ms)
				BeforeProcessingInitializeOnLoad (76ms)
				ProcessInitializeOnLoadAttributes (302ms)
				ProcessInitializeOnLoadMethodAttributes (39ms)
				AfterProcessingInitializeOnLoad (5ms)
				EditorAssembliesLoaded (0ms)
			ExecutionOrderSort2 (0ms)
			AwakeInstancesAfterBackupRestoration (10ms)
Platform modules already initialized, skipping
Refreshing native plugins compatible for Editor in 1.45 ms, found 3 plugins.
Preloading 0 native plugins for Editor in 0.00 ms.
Unloading 3046 Unused Serialized files (Serialized files now loaded: 0)
Unloading 15 unused Assets / (22.0 KB). Loaded Objects now: 3621.
Memory consumption went from 112.2 MB to 112.2 MB.
Total: 5.910500 ms (FindLiveObjects: 0.258600 ms CreateObjectMapping: 0.231100 ms MarkObjects: 5.397200 ms  DeleteObjects: 0.022700 ms)

AssetImportParameters requested are different than current active one (requested -> active):
  custom:video-decoder-ogg-theora: a1e56fd34408186e4bbccfd4996cb3dc -> 
  custom:container-muxer-webm: aa71ff27fc2769a1b78a27578f13a17b -> 
  custom:container-demuxer-webm: 4f35f7cbe854078d1ac9338744f61a02 -> 
  custom:video-encoder-webm-vp8: eb34c28f22e8b96e1ab97ce403110664 -> 
  custom:CustomObjectIndexerAttribute: bc11b3a6c3213fcdd17b65e7da85e133 -> 
  custom:audio-encoder-webm-vorbis: bf7c407c2cedff20999df2af8eb42d56 -> 
  custom:framework-win-MediaFoundation: 216162199b28c13a410421893ffa2e32 -> 
  custom:container-demuxer-ogg: 62fdf1f143b41e24485cea50d1cbac27 -> 
  custom:video-decoder-webm-vp8: 9c59270c3fd7afecdb556c50c9e8de78 -> 
  custom:audio-decoder-ogg-vorbis: bf7c407c2cedff20999df2af8eb42d56 -> 
========================================================================
Received Import Request.
  Time since last request: 63.725668 seconds.
  path: Assets/Prefabs/_.prefab
  artifactKey: Guid(62253af91bc4923468f59291c5c0c876) Importer(815301076,1909f56bfc062723c751e8b465ee728b)
Start importing Assets/Prefabs/_.prefab using Guid(62253af91bc4923468f59291c5c0c876) Importer(815301076,1909f56bfc062723c751e8b465ee728b)  -> (artifact id: 'c1bad71ba7dc062ea84cbd01ff6e6000') in 0.085725 seconds 
========================================================================
Received Import Request.
  Time since last request: 6.754866 seconds.
  path: Assets/Prefabs/_.prefab
  artifactKey: Guid(62253af91bc4923468f59291c5c0c876) Importer(815301076,1909f56bfc062723c751e8b465ee728b)
Start importing Assets/Prefabs/_.prefab using Guid(62253af91bc4923468f59291c5c0c876) Importer(815301076,1909f56bfc062723c751e8b465ee728b)  -> (artifact id: '0b1649bf9cd0238c852fd848cf3632da') in 0.017864 seconds 
========================================================================
Received Prepare
Registering precompiled user dll's ...
Registered in 0.004078 seconds.
Begin MonoManager ReloadAssembly
Symbol file LoadedFromMemory doesn't match image D:\unity\KursyRougeLike\Library\PackageCache\com.unity.visualscripting@1.8.0\Editor\VisualScripting.Core\Dependencies\YamlDotNet\Unity.VisualScripting.YamlDotNet.dll
Symbol file LoadedFromMemory doesn't match image D:\unity\KursyRougeLike\Library\PackageCache\com.unity.visualscripting@1.8.0\Editor\VisualScripting.Core\Dependencies\DotNetZip\Unity.VisualScripting.IonicZip.dll
Native extension for WindowsStandalone target not found
Refreshing native plugins compatible for Editor in 0.53 ms, found 3 plugins.
Preloading 0 native plugins for Editor in 0.00 ms.
Mono: successfully reloaded assembly
- Completed reload, in  1.212 seconds
Domain Reload Profiling:
	ReloadAssembly (1213ms)
		BeginReloadAssembly (154ms)
			ExecutionOrderSort (0ms)
			DisableScriptedObjects (5ms)
			BackupInstance (0ms)
			ReleaseScriptingObjects (0ms)
			CreateAndSetChildDomain (36ms)
		EndReloadAssembly (965ms)
			LoadAssemblies (93ms)
			RebuildTransferFunctionScriptingTraits (0ms)
			SetupTypeCache (339ms)
			ReleaseScriptCaches (1ms)
			RebuildScriptCaches (58ms)
			SetupLoadedEditorAssemblies (432ms)
				LogAssemblyErrors (0ms)
				InitializePlatformSupportModulesInManaged (6ms)
				SetLoadedEditorAssemblies (0ms)
				RefreshPlugins (1ms)
				BeforeProcessingInitializeOnLoad (59ms)
				ProcessInitializeOnLoadAttributes (317ms)
				ProcessInitializeOnLoadMethodAttributes (46ms)
				AfterProcessingInitializeOnLoad (4ms)
				EditorAssembliesLoaded (0ms)
			ExecutionOrderSort2 (0ms)
			AwakeInstancesAfterBackupRestoration (11ms)
Platform modules already initialized, skipping
Refreshing native plugins compatible for Editor in 2.01 ms, found 3 plugins.
Preloading 0 native plugins for Editor in 0.00 ms.
Unloading 3046 Unused Serialized files (Serialized files now loaded: 0)
Unloading 15 unused Assets / (22.1 KB). Loaded Objects now: 3624.
Memory consumption went from 112.2 MB to 112.2 MB.
Total: 3.506000 ms (FindLiveObjects: 0.366400 ms CreateObjectMapping: 0.187300 ms MarkObjects: 2.928700 ms  DeleteObjects: 0.022400 ms)

AssetImportParameters requested are different than current active one (requested -> active):
  custom:video-decoder-ogg-theora: a1e56fd34408186e4bbccfd4996cb3dc -> 
  custom:container-muxer-webm: aa71ff27fc2769a1b78a27578f13a17b -> 
  custom:container-demuxer-webm: 4f35f7cbe854078d1ac9338744f61a02 -> 
  custom:video-encoder-webm-vp8: eb34c28f22e8b96e1ab97ce403110664 -> 
  custom:CustomObjectIndexerAttribute: bc11b3a6c3213fcdd17b65e7da85e133 -> 
  custom:audio-encoder-webm-vorbis: bf7c407c2cedff20999df2af8eb42d56 -> 
  custom:framework-win-MediaFoundation: 216162199b28c13a410421893ffa2e32 -> 
  custom:container-demuxer-ogg: 62fdf1f143b41e24485cea50d1cbac27 -> 
  custom:video-decoder-webm-vp8: 9c59270c3fd7afecdb556c50c9e8de78 -> 
  custom:audio-decoder-ogg-vorbis: bf7c407c2cedff20999df2af8eb42d56 -> 
========================================================================
Received Prepare
Registering precompiled user dll's ...
Registered in 0.003541 seconds.
Begin MonoManager ReloadAssembly
Symbol file LoadedFromMemory doesn't match image D:\unity\KursyRougeLike\Library\PackageCache\com.unity.visualscripting@1.8.0\Editor\VisualScripting.Core\Dependencies\YamlDotNet\Unity.VisualScripting.YamlDotNet.dll
Symbol file LoadedFromMemory doesn't match image D:\unity\KursyRougeLike\Library\PackageCache\com.unity.visualscripting@1.8.0\Editor\VisualScripting.Core\Dependencies\DotNetZip\Unity.VisualScripting.IonicZip.dll
Native extension for WindowsStandalone target not found
Refreshing native plugins compatible for Editor in 1.12 ms, found 3 plugins.
Preloading 0 native plugins for Editor in 0.00 ms.
Mono: successfully reloaded assembly
- Completed reload, in  1.163 seconds
Domain Reload Profiling:
	ReloadAssembly (1164ms)
		BeginReloadAssembly (139ms)
			ExecutionOrderSort (0ms)
			DisableScriptedObjects (6ms)
			BackupInstance (0ms)
			ReleaseScriptingObjects (0ms)
			CreateAndSetChildDomain (35ms)
		EndReloadAssembly (924ms)
			LoadAssemblies (92ms)
			RebuildTransferFunctionScriptingTraits (0ms)
			SetupTypeCache (315ms)
			ReleaseScriptCaches (2ms)
			RebuildScriptCaches (51ms)
			SetupLoadedEditorAssemblies (409ms)
				LogAssemblyErrors (0ms)
				InitializePlatformSupportModulesInManaged (12ms)
				SetLoadedEditorAssemblies (1ms)
				RefreshPlugins (1ms)
				BeforeProcessingInitializeOnLoad (62ms)
				ProcessInitializeOnLoadAttributes (299ms)
				ProcessInitializeOnLoadMethodAttributes (29ms)
				AfterProcessingInitializeOnLoad (3ms)
				EditorAssembliesLoaded (0ms)
			ExecutionOrderSort2 (0ms)
			AwakeInstancesAfterBackupRestoration (9ms)
Platform modules already initialized, skipping
Refreshing native plugins compatible for Editor in 1.53 ms, found 3 plugins.
Preloading 0 native plugins for Editor in 0.00 ms.
Unloading 3046 Unused Serialized files (Serialized files now loaded: 0)
Unloading 15 unused Assets / (22.0 KB). Loaded Objects now: 3627.
Memory consumption went from 112.2 MB to 112.2 MB.
Total: 3.141200 ms (FindLiveObjects: 0.293200 ms CreateObjectMapping: 0.192800 ms MarkObjects: 2.628500 ms  DeleteObjects: 0.025600 ms)

AssetImportParameters requested are different than current active one (requested -> active):
  custom:video-decoder-ogg-theora: a1e56fd34408186e4bbccfd4996cb3dc -> 
  custom:container-muxer-webm: aa71ff27fc2769a1b78a27578f13a17b -> 
  custom:container-demuxer-webm: 4f35f7cbe854078d1ac9338744f61a02 -> 
  custom:video-encoder-webm-vp8: eb34c28f22e8b96e1ab97ce403110664 -> 
  custom:CustomObjectIndexerAttribute: bc11b3a6c3213fcdd17b65e7da85e133 -> 
  custom:audio-encoder-webm-vorbis: bf7c407c2cedff20999df2af8eb42d56 -> 
  custom:framework-win-MediaFoundation: 216162199b28c13a410421893ffa2e32 -> 
  custom:container-demuxer-ogg: 62fdf1f143b41e24485cea50d1cbac27 -> 
  custom:video-decoder-webm-vp8: 9c59270c3fd7afecdb556c50c9e8de78 -> 
  custom:audio-decoder-ogg-vorbis: bf7c407c2cedff20999df2af8eb42d56 -> 
========================================================================
Received Import Request.
  Time since last request: 93.079741 seconds.
  path: Assets/Prefabs/I.prefab
  artifactKey: Guid(e75cd059aab59714c9b2f951a4343c0c) Importer(815301076,1909f56bfc062723c751e8b465ee728b)
Start importing Assets/Prefabs/I.prefab using Guid(e75cd059aab59714c9b2f951a4343c0c) Importer(815301076,1909f56bfc062723c751e8b465ee728b)  -> (artifact id: '77333107c9500dd4a9a76ff65b05eb97') in 0.067377 seconds 
========================================================================
Received Prepare
Registering precompiled user dll's ...
Registered in 0.004636 seconds.
Begin MonoManager ReloadAssembly
Symbol file LoadedFromMemory doesn't match image D:\unity\KursyRougeLike\Library\PackageCache\com.unity.visualscripting@1.8.0\Editor\VisualScripting.Core\Dependencies\YamlDotNet\Unity.VisualScripting.YamlDotNet.dll
Symbol file LoadedFromMemory doesn't match image D:\unity\KursyRougeLike\Library\PackageCache\com.unity.visualscripting@1.8.0\Editor\VisualScripting.Core\Dependencies\DotNetZip\Unity.VisualScripting.IonicZip.dll
Native extension for WindowsStandalone target not found
Refreshing native plugins compatible for Editor in 0.48 ms, found 3 plugins.
Preloading 0 native plugins for Editor in 0.00 ms.
Mono: successfully reloaded assembly
- Completed reload, in  1.219 seconds
Domain Reload Profiling:
	ReloadAssembly (1220ms)
		BeginReloadAssembly (152ms)
			ExecutionOrderSort (0ms)
			DisableScriptedObjects (5ms)
			BackupInstance (0ms)
			ReleaseScriptingObjects (0ms)
			CreateAndSetChildDomain (37ms)
		EndReloadAssembly (957ms)
			LoadAssemblies (96ms)
			RebuildTransferFunctionScriptingTraits (0ms)
			SetupTypeCache (340ms)
			ReleaseScriptCaches (1ms)
			RebuildScriptCaches (44ms)
			SetupLoadedEditorAssemblies (443ms)
				LogAssemblyErrors (0ms)
				InitializePlatformSupportModulesInManaged (5ms)
				SetLoadedEditorAssemblies (1ms)
				RefreshPlugins (1ms)
				BeforeProcessingInitializeOnLoad (72ms)
				ProcessInitializeOnLoadAttributes (287ms)
				ProcessInitializeOnLoadMethodAttributes (74ms)
				AfterProcessingInitializeOnLoad (4ms)
				EditorAssembliesLoaded (0ms)
			ExecutionOrderSort2 (0ms)
			AwakeInstancesAfterBackupRestoration (9ms)
Platform modules already initialized, skipping
Refreshing native plugins compatible for Editor in 2.22 ms, found 3 plugins.
Preloading 0 native plugins for Editor in 0.00 ms.
Unloading 3046 Unused Serialized files (Serialized files now loaded: 0)
Unloading 15 unused Assets / (22.0 KB). Loaded Objects now: 3630.
Memory consumption went from 112.3 MB to 112.2 MB.
Total: 3.321900 ms (FindLiveObjects: 0.280800 ms CreateObjectMapping: 0.233600 ms MarkObjects: 2.783100 ms  DeleteObjects: 0.023200 ms)

AssetImportParameters requested are different than current active one (requested -> active):
  custom:video-decoder-ogg-theora: a1e56fd34408186e4bbccfd4996cb3dc -> 
  custom:container-muxer-webm: aa71ff27fc2769a1b78a27578f13a17b -> 
  custom:container-demuxer-webm: 4f35f7cbe854078d1ac9338744f61a02 -> 
  custom:video-encoder-webm-vp8: eb34c28f22e8b96e1ab97ce403110664 -> 
  custom:CustomObjectIndexerAttribute: bc11b3a6c3213fcdd17b65e7da85e133 -> 
  custom:audio-encoder-webm-vorbis: bf7c407c2cedff20999df2af8eb42d56 -> 
  custom:framework-win-MediaFoundation: 216162199b28c13a410421893ffa2e32 -> 
  custom:container-demuxer-ogg: 62fdf1f143b41e24485cea50d1cbac27 -> 
  custom:video-decoder-webm-vp8: 9c59270c3fd7afecdb556c50c9e8de78 -> 
  custom:audio-decoder-ogg-vorbis: bf7c407c2cedff20999df2af8eb42d56 -> 
========================================================================
Received Import Request.
  Time since last request: 6.221324 seconds.
  path: Assets/Prefabs/I.prefab
  artifactKey: Guid(e75cd059aab59714c9b2f951a4343c0c) Importer(815301076,1909f56bfc062723c751e8b465ee728b)
Start importing Assets/Prefabs/I.prefab using Guid(e75cd059aab59714c9b2f951a4343c0c) Importer(815301076,1909f56bfc062723c751e8b465ee728b)  -> (artifact id: '1b336f1a5ff514fb0bbff6b3caca37d3') in 0.113553 seconds 
========================================================================
Received Import Request.
  Time since last request: 18.907805 seconds.
  path: Assets/Prefabs/I.prefab
  artifactKey: Guid(e75cd059aab59714c9b2f951a4343c0c) Importer(815301076,1909f56bfc062723c751e8b465ee728b)
Start importing Assets/Prefabs/I.prefab using Guid(e75cd059aab59714c9b2f951a4343c0c) Importer(815301076,1909f56bfc062723c751e8b465ee728b)  -> (artifact id: '0247186d29959a93ed20f04c0d972ed5') in 0.021867 seconds 
========================================================================
Received Prepare
Registering precompiled user dll's ...
Registered in 0.003150 seconds.
Begin MonoManager ReloadAssembly
Symbol file LoadedFromMemory doesn't match image D:\unity\KursyRougeLike\Library\PackageCache\com.unity.visualscripting@1.8.0\Editor\VisualScripting.Core\Dependencies\YamlDotNet\Unity.VisualScripting.YamlDotNet.dll
Symbol file LoadedFromMemory doesn't match image D:\unity\KursyRougeLike\Library\PackageCache\com.unity.visualscripting@1.8.0\Editor\VisualScripting.Core\Dependencies\DotNetZip\Unity.VisualScripting.IonicZip.dll
Native extension for WindowsStandalone target not found
Refreshing native plugins compatible for Editor in 1.21 ms, found 3 plugins.
Preloading 0 native plugins for Editor in 0.00 ms.
Mono: successfully reloaded assembly
- Completed reload, in  1.144 seconds
Domain Reload Profiling:
	ReloadAssembly (1145ms)
		BeginReloadAssembly (147ms)
			ExecutionOrderSort (0ms)
			DisableScriptedObjects (7ms)
			BackupInstance (0ms)
			ReleaseScriptingObjects (0ms)
			CreateAndSetChildDomain (30ms)
		EndReloadAssembly (894ms)
			LoadAssemblies (100ms)
			RebuildTransferFunctionScriptingTraits (0ms)
			SetupTypeCache (314ms)
			ReleaseScriptCaches (1ms)
			RebuildScriptCaches (53ms)
			SetupLoadedEditorAssemblies (340ms)
				LogAssemblyErrors (0ms)
				InitializePlatformSupportModulesInManaged (4ms)
				SetLoadedEditorAssemblies (0ms)
				RefreshPlugins (1ms)
				BeforeProcessingInitializeOnLoad (64ms)
				ProcessInitializeOnLoadAttributes (244ms)
				ProcessInitializeOnLoadMethodAttributes (23ms)
				AfterProcessingInitializeOnLoad (3ms)
				EditorAssembliesLoaded (0ms)
			ExecutionOrderSort2 (0ms)
			AwakeInstancesAfterBackupRestoration (7ms)
Platform modules already initialized, skipping
Refreshing native plugins compatible for Editor in 1.95 ms, found 3 plugins.
Preloading 0 native plugins for Editor in 0.00 ms.
Unloading 3046 Unused Serialized files (Serialized files now loaded: 0)
Unloading 15 unused Assets / (22.1 KB). Loaded Objects now: 3633.
Memory consumption went from 112.3 MB to 112.2 MB.
Total: 3.796300 ms (FindLiveObjects: 0.281400 ms CreateObjectMapping: 0.310600 ms MarkObjects: 3.182400 ms  DeleteObjects: 0.020800 ms)

AssetImportParameters requested are different than current active one (requested -> active):
  custom:video-decoder-ogg-theora: a1e56fd34408186e4bbccfd4996cb3dc -> 
  custom:container-muxer-webm: aa71ff27fc2769a1b78a27578f13a17b -> 
  custom:container-demuxer-webm: 4f35f7cbe854078d1ac9338744f61a02 -> 
  custom:video-encoder-webm-vp8: eb34c28f22e8b96e1ab97ce403110664 -> 
  custom:CustomObjectIndexerAttribute: bc11b3a6c3213fcdd17b65e7da85e133 -> 
  custom:audio-encoder-webm-vorbis: bf7c407c2cedff20999df2af8eb42d56 -> 
  custom:framework-win-MediaFoundation: 216162199b28c13a410421893ffa2e32 -> 
  custom:container-demuxer-ogg: 62fdf1f143b41e24485cea50d1cbac27 -> 
  custom:video-decoder-webm-vp8: 9c59270c3fd7afecdb556c50c9e8de78 -> 
  custom:audio-decoder-ogg-vorbis: bf7c407c2cedff20999df2af8eb42d56 -> 
========================================================================
Received Prepare
Registering precompiled user dll's ...
Registered in 0.003578 seconds.
Begin MonoManager ReloadAssembly
Symbol file LoadedFromMemory doesn't match image D:\unity\KursyRougeLike\Library\PackageCache\com.unity.visualscripting@1.8.0\Editor\VisualScripting.Core\Dependencies\YamlDotNet\Unity.VisualScripting.YamlDotNet.dll
Symbol file LoadedFromMemory doesn't match image D:\unity\KursyRougeLike\Library\PackageCache\com.unity.visualscripting@1.8.0\Editor\VisualScripting.Core\Dependencies\DotNetZip\Unity.VisualScripting.IonicZip.dll
Native extension for WindowsStandalone target not found
Refreshing native plugins compatible for Editor in 0.46 ms, found 3 plugins.
Preloading 0 native plugins for Editor in 0.00 ms.
Mono: successfully reloaded assembly
- Completed reload, in  1.207 seconds
Domain Reload Profiling:
	ReloadAssembly (1208ms)
		BeginReloadAssembly (142ms)
			ExecutionOrderSort (0ms)
			DisableScriptedObjects (6ms)
			BackupInstance (0ms)
			ReleaseScriptingObjects (0ms)
			CreateAndSetChildDomain (38ms)
		EndReloadAssembly (959ms)
			LoadAssemblies (90ms)
			RebuildTransferFunctionScriptingTraits (0ms)
			SetupTypeCache (291ms)
			ReleaseScriptCaches (1ms)
			RebuildScriptCaches (73ms)
			SetupLoadedEditorAssemblies (433ms)
				LogAssemblyErrors (0ms)
				InitializePlatformSupportModulesInManaged (5ms)
				SetLoadedEditorAssemblies (0ms)
				RefreshPlugins (1ms)
				BeforeProcessingInitializeOnLoad (67ms)
				ProcessInitializeOnLoadAttributes (307ms)
				ProcessInitializeOnLoadMethodAttributes (47ms)
				AfterProcessingInitializeOnLoad (6ms)
				EditorAssembliesLoaded (0ms)
			ExecutionOrderSort2 (0ms)
			AwakeInstancesAfterBackupRestoration (15ms)
Platform modules already initialized, skipping
Refreshing native plugins compatible for Editor in 1.58 ms, found 3 plugins.
Preloading 0 native plugins for Editor in 0.00 ms.
Unloading 3046 Unused Serialized files (Serialized files now loaded: 0)
Unloading 15 unused Assets / (22.0 KB). Loaded Objects now: 3636.
Memory consumption went from 112.3 MB to 112.3 MB.
Total: 3.549800 ms (FindLiveObjects: 0.273900 ms CreateObjectMapping: 0.208500 ms MarkObjects: 3.037400 ms  DeleteObjects: 0.028500 ms)

AssetImportParameters requested are different than current active one (requested -> active):
  custom:video-decoder-ogg-theora: a1e56fd34408186e4bbccfd4996cb3dc -> 
  custom:container-muxer-webm: aa71ff27fc2769a1b78a27578f13a17b -> 
  custom:container-demuxer-webm: 4f35f7cbe854078d1ac9338744f61a02 -> 
  custom:video-encoder-webm-vp8: eb34c28f22e8b96e1ab97ce403110664 -> 
  custom:CustomObjectIndexerAttribute: bc11b3a6c3213fcdd17b65e7da85e133 -> 
  custom:audio-encoder-webm-vorbis: bf7c407c2cedff20999df2af8eb42d56 -> 
  custom:framework-win-MediaFoundation: 216162199b28c13a410421893ffa2e32 -> 
  custom:container-demuxer-ogg: 62fdf1f143b41e24485cea50d1cbac27 -> 
  custom:video-decoder-webm-vp8: 9c59270c3fd7afecdb556c50c9e8de78 -> 
  custom:audio-decoder-ogg-vorbis: bf7c407c2cedff20999df2af8eb42d56 -> 
========================================================================
Received Import Request.
  Time since last request: 31.508638 seconds.
  path: Assets/Prefabs/L.prefab
  artifactKey: Guid(94b1d5a4cdcb9934ab6f0e6ef83b9aa0) Importer(815301076,1909f56bfc062723c751e8b465ee728b)
Start importing Assets/Prefabs/L.prefab using Guid(94b1d5a4cdcb9934ab6f0e6ef83b9aa0) Importer(815301076,1909f56bfc062723c751e8b465ee728b)  -> (artifact id: '00000000000000000000000000000000') in 0.067638 seconds  code(4) message(Build asset version error: assets/prefabs/l.prefab in SourceAssetDB has modification time of '2025-06-06T23:19:43.7754645Z' while content on disk has modification time of '2025-06-06T23:19:43.9712462Z')
  ERROR: Build asset version error: assets/prefabs/l.prefab in SourceAssetDB has modification time of '2025-06-06T23:19:43.7754645Z' while content on disk has modification time of '2025-06-06T23:19:43.9712462Z'
========================================================================
Received Import Request.
  Time since last request: 0.073668 seconds.
  path: Assets/Prefabs/L.prefab
  artifactKey: Guid(94b1d5a4cdcb9934ab6f0e6ef83b9aa0) Importer(815301076,1909f56bfc062723c751e8b465ee728b)
Start importing Assets/Prefabs/L.prefab using Guid(94b1d5a4cdcb9934ab6f0e6ef83b9aa0) Importer(815301076,1909f56bfc062723c751e8b465ee728b)  -> (artifact id: 'f010ea64d5197409c178c6de7bfb1822') in 0.012632 seconds 
========================================================================
Received Import Request.
  Time since last request: 0.797829 seconds.
  path: Assets/Prefabs/L.prefab
  artifactKey: Guid(94b1d5a4cdcb9934ab6f0e6ef83b9aa0) Importer(815301076,1909f56bfc062723c751e8b465ee728b)
Start importing Assets/Prefabs/L.prefab using Guid(94b1d5a4cdcb9934ab6f0e6ef83b9aa0) Importer(815301076,1909f56bfc062723c751e8b465ee728b)  -> (artifact id: '5815e45936dc9fc1b4ecbaa9be7a4626') in 0.008833 seconds 
========================================================================
Received Import Request.
  Time since last request: 0.801903 seconds.
  path: Assets/Prefabs/L.prefab
  artifactKey: Guid(94b1d5a4cdcb9934ab6f0e6ef83b9aa0) Importer(815301076,1909f56bfc062723c751e8b465ee728b)
Start importing Assets/Prefabs/L.prefab using Guid(94b1d5a4cdcb9934ab6f0e6ef83b9aa0) Importer(815301076,1909f56bfc062723c751e8b465ee728b)  -> (artifact id: '3684c7c4a23385260c41f85c92977b8f') in 0.012398 seconds 
========================================================================
Received Prepare
Registering precompiled user dll's ...
Registered in 0.003626 seconds.
Begin MonoManager ReloadAssembly
Symbol file LoadedFromMemory doesn't match image D:\unity\KursyRougeLike\Library\PackageCache\com.unity.visualscripting@1.8.0\Editor\VisualScripting.Core\Dependencies\YamlDotNet\Unity.VisualScripting.YamlDotNet.dll
Symbol file LoadedFromMemory doesn't match image D:\unity\KursyRougeLike\Library\PackageCache\com.unity.visualscripting@1.8.0\Editor\VisualScripting.Core\Dependencies\DotNetZip\Unity.VisualScripting.IonicZip.dll
Native extension for WindowsStandalone target not found
Refreshing native plugins compatible for Editor in 0.45 ms, found 3 plugins.
Preloading 0 native plugins for Editor in 0.00 ms.
Mono: successfully reloaded assembly
- Completed reload, in  1.191 seconds
Domain Reload Profiling:
	ReloadAssembly (1192ms)
		BeginReloadAssembly (154ms)
			ExecutionOrderSort (0ms)
			DisableScriptedObjects (6ms)
			BackupInstance (0ms)
			ReleaseScriptingObjects (0ms)
			CreateAndSetChildDomain (43ms)
		EndReloadAssembly (939ms)
			LoadAssemblies (95ms)
			RebuildTransferFunctionScriptingTraits (0ms)
			SetupTypeCache (337ms)
			ReleaseScriptCaches (1ms)
			RebuildScriptCaches (43ms)
			SetupLoadedEditorAssemblies (418ms)
				LogAssemblyErrors (0ms)
				InitializePlatformSupportModulesInManaged (4ms)
				SetLoadedEditorAssemblies (0ms)
				RefreshPlugins (1ms)
				BeforeProcessingInitializeOnLoad (69ms)
				ProcessInitializeOnLoadAttributes (298ms)
				ProcessInitializeOnLoadMethodAttributes (41ms)
				AfterProcessingInitializeOnLoad (4ms)
				EditorAssembliesLoaded (0ms)
			ExecutionOrderSort2 (0ms)
			AwakeInstancesAfterBackupRestoration (9ms)
Platform modules already initialized, skipping
Refreshing native plugins compatible for Editor in 2.25 ms, found 3 plugins.
Preloading 0 native plugins for Editor in 0.00 ms.
Unloading 3046 Unused Serialized files (Serialized files now loaded: 0)
Unloading 15 unused Assets / (22.0 KB). Loaded Objects now: 3639.
Memory consumption went from 112.3 MB to 112.3 MB.
Total: 5.031400 ms (FindLiveObjects: 0.554300 ms CreateObjectMapping: 0.583400 ms MarkObjects: 3.868300 ms  DeleteObjects: 0.024500 ms)

AssetImportParameters requested are different than current active one (requested -> active):
  custom:video-decoder-ogg-theora: a1e56fd34408186e4bbccfd4996cb3dc -> 
  custom:container-muxer-webm: aa71ff27fc2769a1b78a27578f13a17b -> 
  custom:container-demuxer-webm: 4f35f7cbe854078d1ac9338744f61a02 -> 
  custom:video-encoder-webm-vp8: eb34c28f22e8b96e1ab97ce403110664 -> 
  custom:CustomObjectIndexerAttribute: bc11b3a6c3213fcdd17b65e7da85e133 -> 
  custom:audio-encoder-webm-vorbis: bf7c407c2cedff20999df2af8eb42d56 -> 
  custom:framework-win-MediaFoundation: 216162199b28c13a410421893ffa2e32 -> 
  custom:container-demuxer-ogg: 62fdf1f143b41e24485cea50d1cbac27 -> 
  custom:video-decoder-webm-vp8: 9c59270c3fd7afecdb556c50c9e8de78 -> 
  custom:audio-decoder-ogg-vorbis: bf7c407c2cedff20999df2af8eb42d56 -> 
========================================================================
Received Prepare
Registering precompiled user dll's ...
Registered in 0.003310 seconds.
Begin MonoManager ReloadAssembly
Symbol file LoadedFromMemory doesn't match image D:\unity\KursyRougeLike\Library\PackageCache\com.unity.visualscripting@1.8.0\Editor\VisualScripting.Core\Dependencies\YamlDotNet\Unity.VisualScripting.YamlDotNet.dll
Symbol file LoadedFromMemory doesn't match image D:\unity\KursyRougeLike\Library\PackageCache\com.unity.visualscripting@1.8.0\Editor\VisualScripting.Core\Dependencies\DotNetZip\Unity.VisualScripting.IonicZip.dll
Native extension for WindowsStandalone target not found
Refreshing native plugins compatible for Editor in 0.51 ms, found 3 plugins.
Preloading 0 native plugins for Editor in 0.00 ms.
Mono: successfully reloaded assembly
- Completed reload, in  1.258 seconds
Domain Reload Profiling:
	ReloadAssembly (1259ms)
		BeginReloadAssembly (147ms)
			ExecutionOrderSort (0ms)
			DisableScriptedObjects (6ms)
			BackupInstance (0ms)
			ReleaseScriptingObjects (0ms)
			CreateAndSetChildDomain (36ms)
		EndReloadAssembly (1008ms)
			LoadAssemblies (91ms)
			RebuildTransferFunctionScriptingTraits (0ms)
			SetupTypeCache (312ms)
			ReleaseScriptCaches (1ms)
			RebuildScriptCaches (54ms)
			SetupLoadedEditorAssemblies (487ms)
				LogAssemblyErrors (0ms)
				InitializePlatformSupportModulesInManaged (6ms)
				SetLoadedEditorAssemblies (1ms)
				RefreshPlugins (1ms)
				BeforeProcessingInitializeOnLoad (76ms)
				ProcessInitializeOnLoadAttributes (369ms)
				ProcessInitializeOnLoadMethodAttributes (28ms)
				AfterProcessingInitializeOnLoad (6ms)
				EditorAssembliesLoaded (0ms)
			ExecutionOrderSort2 (0ms)
			AwakeInstancesAfterBackupRestoration (8ms)
Platform modules already initialized, skipping
Refreshing native plugins compatible for Editor in 1.83 ms, found 3 plugins.
Preloading 0 native plugins for Editor in 0.00 ms.
Unloading 3046 Unused Serialized files (Serialized files now loaded: 0)
Unloading 15 unused Assets / (22.0 KB). Loaded Objects now: 3642.
Memory consumption went from 112.3 MB to 112.3 MB.
Total: 3.122100 ms (FindLiveObjects: 0.300100 ms CreateObjectMapping: 0.187300 ms MarkObjects: 2.571200 ms  DeleteObjects: 0.062200 ms)

AssetImportParameters requested are different than current active one (requested -> active):
  custom:video-decoder-ogg-theora: a1e56fd34408186e4bbccfd4996cb3dc -> 
  custom:container-muxer-webm: aa71ff27fc2769a1b78a27578f13a17b -> 
  custom:container-demuxer-webm: 4f35f7cbe854078d1ac9338744f61a02 -> 
  custom:video-encoder-webm-vp8: eb34c28f22e8b96e1ab97ce403110664 -> 
  custom:CustomObjectIndexerAttribute: bc11b3a6c3213fcdd17b65e7da85e133 -> 
  custom:audio-encoder-webm-vorbis: bf7c407c2cedff20999df2af8eb42d56 -> 
  custom:framework-win-MediaFoundation: 216162199b28c13a410421893ffa2e32 -> 
  custom:container-demuxer-ogg: 62fdf1f143b41e24485cea50d1cbac27 -> 
  custom:video-decoder-webm-vp8: 9c59270c3fd7afecdb556c50c9e8de78 -> 
  custom:audio-decoder-ogg-vorbis: bf7c407c2cedff20999df2af8eb42d56 -> 
========================================================================
Received Prepare
Registering precompiled user dll's ...
Registered in 0.003233 seconds.
Begin MonoManager ReloadAssembly
Symbol file LoadedFromMemory doesn't match image D:\unity\KursyRougeLike\Library\PackageCache\com.unity.visualscripting@1.8.0\Editor\VisualScripting.Core\Dependencies\YamlDotNet\Unity.VisualScripting.YamlDotNet.dll
Symbol file LoadedFromMemory doesn't match image D:\unity\KursyRougeLike\Library\PackageCache\com.unity.visualscripting@1.8.0\Editor\VisualScripting.Core\Dependencies\DotNetZip\Unity.VisualScripting.IonicZip.dll
Native extension for WindowsStandalone target not found
Refreshing native plugins compatible for Editor in 0.47 ms, found 3 plugins.
Preloading 0 native plugins for Editor in 0.00 ms.
Mono: successfully reloaded assembly
- Completed reload, in  1.293 seconds
Domain Reload Profiling:
	ReloadAssembly (1294ms)
		BeginReloadAssembly (147ms)
			ExecutionOrderSort (0ms)
			DisableScriptedObjects (6ms)
			BackupInstance (0ms)
			ReleaseScriptingObjects (0ms)
			CreateAndSetChildDomain (35ms)
		EndReloadAssembly (1043ms)
			LoadAssemblies (92ms)
			RebuildTransferFunctionScriptingTraits (0ms)
			SetupTypeCache (321ms)
			ReleaseScriptCaches (2ms)
			RebuildScriptCaches (68ms)
			SetupLoadedEditorAssemblies (485ms)
				LogAssemblyErrors (0ms)
				InitializePlatformSupportModulesInManaged (5ms)
				SetLoadedEditorAssemblies (0ms)
				RefreshPlugins (1ms)
				BeforeProcessingInitializeOnLoad (72ms)
				ProcessInitializeOnLoadAttributes (373ms)
				ProcessInitializeOnLoadMethodAttributes (31ms)
				AfterProcessingInitializeOnLoad (3ms)
				EditorAssembliesLoaded (0ms)
			ExecutionOrderSort2 (0ms)
			AwakeInstancesAfterBackupRestoration (9ms)
Platform modules already initialized, skipping
Refreshing native plugins compatible for Editor in 1.55 ms, found 3 plugins.
Preloading 0 native plugins for Editor in 0.00 ms.
Unloading 3046 Unused Serialized files (Serialized files now loaded: 0)
Unloading 15 unused Assets / (22.1 KB). Loaded Objects now: 3645.
Memory consumption went from 112.3 MB to 112.3 MB.
Total: 3.810700 ms (FindLiveObjects: 0.267900 ms CreateObjectMapping: 0.173300 ms MarkObjects: 3.344200 ms  DeleteObjects: 0.024000 ms)

AssetImportParameters requested are different than current active one (requested -> active):
  custom:video-decoder-ogg-theora: a1e56fd34408186e4bbccfd4996cb3dc -> 
  custom:container-muxer-webm: aa71ff27fc2769a1b78a27578f13a17b -> 
  custom:container-demuxer-webm: 4f35f7cbe854078d1ac9338744f61a02 -> 
  custom:video-encoder-webm-vp8: eb34c28f22e8b96e1ab97ce403110664 -> 
  custom:CustomObjectIndexerAttribute: bc11b3a6c3213fcdd17b65e7da85e133 -> 
  custom:audio-encoder-webm-vorbis: bf7c407c2cedff20999df2af8eb42d56 -> 
  custom:framework-win-MediaFoundation: 216162199b28c13a410421893ffa2e32 -> 
  custom:container-demuxer-ogg: 62fdf1f143b41e24485cea50d1cbac27 -> 
  custom:video-decoder-webm-vp8: 9c59270c3fd7afecdb556c50c9e8de78 -> 
  custom:audio-decoder-ogg-vorbis: bf7c407c2cedff20999df2af8eb42d56 -> 
========================================================================
Received Prepare
Registering precompiled user dll's ...
Registered in 0.003380 seconds.
Begin MonoManager ReloadAssembly
Symbol file LoadedFromMemory doesn't match image D:\unity\KursyRougeLike\Library\PackageCache\com.unity.visualscripting@1.8.0\Editor\VisualScripting.Core\Dependencies\YamlDotNet\Unity.VisualScripting.YamlDotNet.dll
Symbol file LoadedFromMemory doesn't match image D:\unity\KursyRougeLike\Library\PackageCache\com.unity.visualscripting@1.8.0\Editor\VisualScripting.Core\Dependencies\DotNetZip\Unity.VisualScripting.IonicZip.dll
Native extension for WindowsStandalone target not found
Refreshing native plugins compatible for Editor in 0.47 ms, found 3 plugins.
Preloading 0 native plugins for Editor in 0.00 ms.
Mono: successfully reloaded assembly
- Completed reload, in  1.116 seconds
Domain Reload Profiling:
	ReloadAssembly (1117ms)
		BeginReloadAssembly (141ms)
			ExecutionOrderSort (0ms)
			DisableScriptedObjects (8ms)
			BackupInstance (0ms)
			ReleaseScriptingObjects (0ms)
			CreateAndSetChildDomain (35ms)
		EndReloadAssembly (870ms)
			LoadAssemblies (98ms)
			RebuildTransferFunctionScriptingTraits (0ms)
			SetupTypeCache (314ms)
			ReleaseScriptCaches (2ms)
			RebuildScriptCaches (57ms)
			SetupLoadedEditorAssemblies (350ms)
				LogAssemblyErrors (0ms)
				InitializePlatformSupportModulesInManaged (4ms)
				SetLoadedEditorAssemblies (1ms)
				RefreshPlugins (1ms)
				BeforeProcessingInitializeOnLoad (70ms)
				ProcessInitializeOnLoadAttributes (238ms)
				ProcessInitializeOnLoadMethodAttributes (34ms)
				AfterProcessingInitializeOnLoad (3ms)
				EditorAssembliesLoaded (0ms)
			ExecutionOrderSort2 (0ms)
			AwakeInstancesAfterBackupRestoration (8ms)
Platform modules already initialized, skipping
Refreshing native plugins compatible for Editor in 1.74 ms, found 3 plugins.
Preloading 0 native plugins for Editor in 0.00 ms.
Unloading 3046 Unused Serialized files (Serialized files now loaded: 0)
Unloading 15 unused Assets / (22.0 KB). Loaded Objects now: 3648.
Memory consumption went from 112.3 MB to 112.3 MB.
Total: 3.286200 ms (FindLiveObjects: 0.282100 ms CreateObjectMapping: 0.194300 ms MarkObjects: 2.704100 ms  DeleteObjects: 0.104400 ms)

AssetImportParameters requested are different than current active one (requested -> active):
  custom:video-decoder-ogg-theora: a1e56fd34408186e4bbccfd4996cb3dc -> 
  custom:container-muxer-webm: aa71ff27fc2769a1b78a27578f13a17b -> 
  custom:container-demuxer-webm: 4f35f7cbe854078d1ac9338744f61a02 -> 
  custom:video-encoder-webm-vp8: eb34c28f22e8b96e1ab97ce403110664 -> 
  custom:CustomObjectIndexerAttribute: bc11b3a6c3213fcdd17b65e7da85e133 -> 
  custom:audio-encoder-webm-vorbis: bf7c407c2cedff20999df2af8eb42d56 -> 
  custom:framework-win-MediaFoundation: 216162199b28c13a410421893ffa2e32 -> 
  custom:container-demuxer-ogg: 62fdf1f143b41e24485cea50d1cbac27 -> 
  custom:video-decoder-webm-vp8: 9c59270c3fd7afecdb556c50c9e8de78 -> 
  custom:audio-decoder-ogg-vorbis: bf7c407c2cedff20999df2af8eb42d56 -> 
========================================================================
Received Prepare
Registering precompiled user dll's ...
Registered in 0.015205 seconds.
Begin MonoManager ReloadAssembly
Symbol file LoadedFromMemory doesn't match image D:\unity\KursyRougeLike\Library\PackageCache\com.unity.visualscripting@1.8.0\Editor\VisualScripting.Core\Dependencies\YamlDotNet\Unity.VisualScripting.YamlDotNet.dll
Symbol file LoadedFromMemory doesn't match image D:\unity\KursyRougeLike\Library\PackageCache\com.unity.visualscripting@1.8.0\Editor\VisualScripting.Core\Dependencies\DotNetZip\Unity.VisualScripting.IonicZip.dll
Native extension for WindowsStandalone target not found
Refreshing native plugins compatible for Editor in 2.86 ms, found 3 plugins.
Preloading 0 native plugins for Editor in 0.00 ms.
Mono: successfully reloaded assembly
- Completed reload, in  3.333 seconds
Domain Reload Profiling:
	ReloadAssembly (3334ms)
		BeginReloadAssembly (706ms)
			ExecutionOrderSort (0ms)
			DisableScriptedObjects (18ms)
			BackupInstance (0ms)
			ReleaseScriptingObjects (0ms)
			CreateAndSetChildDomain (268ms)
		EndReloadAssembly (2161ms)
			LoadAssemblies (403ms)
			RebuildTransferFunctionScriptingTraits (0ms)
			SetupTypeCache (1346ms)
			ReleaseScriptCaches (2ms)
			RebuildScriptCaches (72ms)
			SetupLoadedEditorAssemblies (512ms)
				LogAssemblyErrors (0ms)
				InitializePlatformSupportModulesInManaged (5ms)
				SetLoadedEditorAssemblies (1ms)
				RefreshPlugins (3ms)
				BeforeProcessingInitializeOnLoad (85ms)
				ProcessInitializeOnLoadAttributes (384ms)
				ProcessInitializeOnLoadMethodAttributes (29ms)
				AfterProcessingInitializeOnLoad (5ms)
				EditorAssembliesLoaded (0ms)
			ExecutionOrderSort2 (0ms)
			AwakeInstancesAfterBackupRestoration (19ms)
Platform modules already initialized, skipping
Refreshing native plugins compatible for Editor in 3.37 ms, found 3 plugins.
Preloading 0 native plugins for Editor in 0.00 ms.
Unloading 3046 Unused Serialized files (Serialized files now loaded: 0)
Unloading 15 unused Assets / (22.0 KB). Loaded Objects now: 3651.
Memory consumption went from 112.3 MB to 112.3 MB.
Total: 3.539800 ms (FindLiveObjects: 0.304200 ms CreateObjectMapping: 0.408600 ms MarkObjects: 2.802700 ms  DeleteObjects: 0.023100 ms)

AssetImportParameters requested are different than current active one (requested -> active):
  custom:video-decoder-ogg-theora: a1e56fd34408186e4bbccfd4996cb3dc -> 
  custom:container-muxer-webm: aa71ff27fc2769a1b78a27578f13a17b -> 
  custom:container-demuxer-webm: 4f35f7cbe854078d1ac9338744f61a02 -> 
  custom:video-encoder-webm-vp8: eb34c28f22e8b96e1ab97ce403110664 -> 
  custom:CustomObjectIndexerAttribute: bc11b3a6c3213fcdd17b65e7da85e133 -> 
  custom:audio-encoder-webm-vorbis: bf7c407c2cedff20999df2af8eb42d56 -> 
  custom:framework-win-MediaFoundation: 216162199b28c13a410421893ffa2e32 -> 
  custom:container-demuxer-ogg: 62fdf1f143b41e24485cea50d1cbac27 -> 
  custom:video-decoder-webm-vp8: 9c59270c3fd7afecdb556c50c9e8de78 -> 
  custom:audio-decoder-ogg-vorbis: bf7c407c2cedff20999df2af8eb42d56 -> 
========================================================================
Received Import Request.
  Time since last request: 189.756382 seconds.
  path: Assets/Prefabs/L.prefab
  artifactKey: Guid(94b1d5a4cdcb9934ab6f0e6ef83b9aa0) Importer(815301076,1909f56bfc062723c751e8b465ee728b)
Start importing Assets/Prefabs/L.prefab using Guid(94b1d5a4cdcb9934ab6f0e6ef83b9aa0) Importer(815301076,1909f56bfc062723c751e8b465ee728b)  -> (artifact id: '2ca0300e7b3b2a2a0cf6a7afcd85b4a5') in 0.088032 seconds 
========================================================================
Received Import Request.
  Time since last request: 5.346300 seconds.
  path: Assets/Prefabs/L.prefab
  artifactKey: Guid(94b1d5a4cdcb9934ab6f0e6ef83b9aa0) Importer(815301076,1909f56bfc062723c751e8b465ee728b)
Start importing Assets/Prefabs/L.prefab using Guid(94b1d5a4cdcb9934ab6f0e6ef83b9aa0) Importer(815301076,1909f56bfc062723c751e8b465ee728b)  -> (artifact id: '5ccfab5679ecb2cc6e720a97ae086bad') in 0.014283 seconds 
========================================================================
Received Prepare
Registering precompiled user dll's ...
Registered in 0.004013 seconds.
Begin MonoManager ReloadAssembly
Symbol file LoadedFromMemory doesn't match image D:\unity\KursyRougeLike\Library\PackageCache\com.unity.visualscripting@1.8.0\Editor\VisualScripting.Core\Dependencies\YamlDotNet\Unity.VisualScripting.YamlDotNet.dll
Symbol file LoadedFromMemory doesn't match image D:\unity\KursyRougeLike\Library\PackageCache\com.unity.visualscripting@1.8.0\Editor\VisualScripting.Core\Dependencies\DotNetZip\Unity.VisualScripting.IonicZip.dll
Native extension for WindowsStandalone target not found
Refreshing native plugins compatible for Editor in 0.46 ms, found 3 plugins.
Preloading 0 native plugins for Editor in 0.00 ms.
Mono: successfully reloaded assembly
- Completed reload, in  1.111 seconds
Domain Reload Profiling:
	ReloadAssembly (1112ms)
		BeginReloadAssembly (153ms)
			ExecutionOrderSort (0ms)
			DisableScriptedObjects (5ms)
			BackupInstance (0ms)
			ReleaseScriptingObjects (0ms)
			CreateAndSetChildDomain (42ms)
		EndReloadAssembly (868ms)
			LoadAssemblies (91ms)
			RebuildTransferFunctionScriptingTraits (0ms)
			SetupTypeCache (325ms)
			ReleaseScriptCaches (2ms)
			RebuildScriptCaches (57ms)
			SetupLoadedEditorAssemblies (362ms)
				LogAssemblyErrors (0ms)
				InitializePlatformSupportModulesInManaged (5ms)
				SetLoadedEditorAssemblies (1ms)
				RefreshPlugins (1ms)
				BeforeProcessingInitializeOnLoad (62ms)
				ProcessInitializeOnLoadAttributes (260ms)
				ProcessInitializeOnLoadMethodAttributes (30ms)
				AfterProcessingInitializeOnLoad (4ms)
				EditorAssembliesLoaded (0ms)
			ExecutionOrderSort2 (0ms)
			AwakeInstancesAfterBackupRestoration (9ms)
Platform modules already initialized, skipping
Refreshing native plugins compatible for Editor in 2.02 ms, found 3 plugins.
Preloading 0 native plugins for Editor in 0.00 ms.
Unloading 3046 Unused Serialized files (Serialized files now loaded: 0)
Unloading 15 unused Assets / (22.0 KB). Loaded Objects now: 3654.
Memory consumption went from 112.3 MB to 112.3 MB.
Total: 3.123000 ms (FindLiveObjects: 0.288600 ms CreateObjectMapping: 0.196800 ms MarkObjects: 2.609800 ms  DeleteObjects: 0.026400 ms)

AssetImportParameters requested are different than current active one (requested -> active):
  custom:video-decoder-ogg-theora: a1e56fd34408186e4bbccfd4996cb3dc -> 
  custom:container-muxer-webm: aa71ff27fc2769a1b78a27578f13a17b -> 
  custom:container-demuxer-webm: 4f35f7cbe854078d1ac9338744f61a02 -> 
  custom:video-encoder-webm-vp8: eb34c28f22e8b96e1ab97ce403110664 -> 
  custom:CustomObjectIndexerAttribute: bc11b3a6c3213fcdd17b65e7da85e133 -> 
  custom:audio-encoder-webm-vorbis: bf7c407c2cedff20999df2af8eb42d56 -> 
  custom:framework-win-MediaFoundation: 216162199b28c13a410421893ffa2e32 -> 
  custom:container-demuxer-ogg: 62fdf1f143b41e24485cea50d1cbac27 -> 
  custom:video-decoder-webm-vp8: 9c59270c3fd7afecdb556c50c9e8de78 -> 
  custom:audio-decoder-ogg-vorbis: bf7c407c2cedff20999df2af8eb42d56 -> 
========================================================================
Received Prepare
Registering precompiled user dll's ...
Registered in 0.004513 seconds.
Begin MonoManager ReloadAssembly
Symbol file LoadedFromMemory doesn't match image D:\unity\KursyRougeLike\Library\PackageCache\com.unity.visualscripting@1.8.0\Editor\VisualScripting.Core\Dependencies\YamlDotNet\Unity.VisualScripting.YamlDotNet.dll
Symbol file LoadedFromMemory doesn't match image D:\unity\KursyRougeLike\Library\PackageCache\com.unity.visualscripting@1.8.0\Editor\VisualScripting.Core\Dependencies\DotNetZip\Unity.VisualScripting.IonicZip.dll
Native extension for WindowsStandalone target not found
Refreshing native plugins compatible for Editor in 0.49 ms, found 3 plugins.
Preloading 0 native plugins for Editor in 0.00 ms.
Mono: successfully reloaded assembly
- Completed reload, in  1.232 seconds
Domain Reload Profiling:
	ReloadAssembly (1233ms)
		BeginReloadAssembly (163ms)
			ExecutionOrderSort (0ms)
			DisableScriptedObjects (6ms)
			BackupInstance (0ms)
			ReleaseScriptingObjects (0ms)
			CreateAndSetChildDomain (39ms)
		EndReloadAssembly (975ms)
			LoadAssemblies (97ms)
			RebuildTransferFunctionScriptingTraits (0ms)
			SetupTypeCache (303ms)
			ReleaseScriptCaches (15ms)
			RebuildScriptCaches (55ms)
			SetupLoadedEditorAssemblies (436ms)
				LogAssemblyErrors (0ms)
				InitializePlatformSupportModulesInManaged (10ms)
				SetLoadedEditorAssemblies (1ms)
				RefreshPlugins (1ms)
				BeforeProcessingInitializeOnLoad (71ms)
				ProcessInitializeOnLoadAttributes (323ms)
				ProcessInitializeOnLoadMethodAttributes (27ms)
				AfterProcessingInitializeOnLoad (3ms)
				EditorAssembliesLoaded (0ms)
			ExecutionOrderSort2 (0ms)
			AwakeInstancesAfterBackupRestoration (17ms)
Platform modules already initialized, skipping
Refreshing native plugins compatible for Editor in 1.72 ms, found 3 plugins.
Preloading 0 native plugins for Editor in 0.00 ms.
Unloading 3046 Unused Serialized files (Serialized files now loaded: 0)
Unloading 15 unused Assets / (22.0 KB). Loaded Objects now: 3657.
Memory consumption went from 112.3 MB to 112.3 MB.
Total: 4.333200 ms (FindLiveObjects: 0.270400 ms CreateObjectMapping: 0.170200 ms MarkObjects: 3.870200 ms  DeleteObjects: 0.021300 ms)

AssetImportParameters requested are different than current active one (requested -> active):
  custom:video-decoder-ogg-theora: a1e56fd34408186e4bbccfd4996cb3dc -> 
  custom:container-muxer-webm: aa71ff27fc2769a1b78a27578f13a17b -> 
  custom:container-demuxer-webm: 4f35f7cbe854078d1ac9338744f61a02 -> 
  custom:video-encoder-webm-vp8: eb34c28f22e8b96e1ab97ce403110664 -> 
  custom:CustomObjectIndexerAttribute: bc11b3a6c3213fcdd17b65e7da85e133 -> 
  custom:audio-encoder-webm-vorbis: bf7c407c2cedff20999df2af8eb42d56 -> 
  custom:framework-win-MediaFoundation: 216162199b28c13a410421893ffa2e32 -> 
  custom:container-demuxer-ogg: 62fdf1f143b41e24485cea50d1cbac27 -> 
  custom:video-decoder-webm-vp8: 9c59270c3fd7afecdb556c50c9e8de78 -> 
  custom:audio-decoder-ogg-vorbis: bf7c407c2cedff20999df2af8eb42d56 -> 
========================================================================
Received Prepare
Registering precompiled user dll's ...
Registered in 0.003561 seconds.
Begin MonoManager ReloadAssembly
Symbol file LoadedFromMemory doesn't match image D:\unity\KursyRougeLike\Library\PackageCache\com.unity.visualscripting@1.8.0\Editor\VisualScripting.Core\Dependencies\YamlDotNet\Unity.VisualScripting.YamlDotNet.dll
Symbol file LoadedFromMemory doesn't match image D:\unity\KursyRougeLike\Library\PackageCache\com.unity.visualscripting@1.8.0\Editor\VisualScripting.Core\Dependencies\DotNetZip\Unity.VisualScripting.IonicZip.dll
Native extension for WindowsStandalone target not found
Refreshing native plugins compatible for Editor in 0.63 ms, found 3 plugins.
Preloading 0 native plugins for Editor in 0.00 ms.
Mono: successfully reloaded assembly
- Completed reload, in  1.288 seconds
Domain Reload Profiling:
	ReloadAssembly (1288ms)
		BeginReloadAssembly (156ms)
			ExecutionOrderSort (0ms)
			DisableScriptedObjects (7ms)
			BackupInstance (0ms)
			ReleaseScriptingObjects (0ms)
			CreateAndSetChildDomain (36ms)
		EndReloadAssembly (1006ms)
			LoadAssemblies (98ms)
			RebuildTransferFunctionScriptingTraits (0ms)
			SetupTypeCache (356ms)
			ReleaseScriptCaches (1ms)
			RebuildScriptCaches (51ms)
			SetupLoadedEditorAssemblies (451ms)
				LogAssemblyErrors (0ms)
				InitializePlatformSupportModulesInManaged (6ms)
				SetLoadedEditorAssemblies (1ms)
				RefreshPlugins (1ms)
				BeforeProcessingInitializeOnLoad (77ms)
				ProcessInitializeOnLoadAttributes (333ms)
				ProcessInitializeOnLoadMethodAttributes (27ms)
				AfterProcessingInitializeOnLoad (6ms)
				EditorAssembliesLoaded (0ms)
			ExecutionOrderSort2 (0ms)
			AwakeInstancesAfterBackupRestoration (8ms)
Platform modules already initialized, skipping
Refreshing native plugins compatible for Editor in 3.05 ms, found 3 plugins.
Preloading 0 native plugins for Editor in 0.00 ms.
Unloading 3046 Unused Serialized files (Serialized files now loaded: 0)
Unloading 15 unused Assets / (22.0 KB). Loaded Objects now: 3660.
Memory consumption went from 112.3 MB to 112.3 MB.
Total: 5.086400 ms (FindLiveObjects: 0.660300 ms CreateObjectMapping: 0.496800 ms MarkObjects: 3.904200 ms  DeleteObjects: 0.023900 ms)

AssetImportParameters requested are different than current active one (requested -> active):
  custom:video-decoder-ogg-theora: a1e56fd34408186e4bbccfd4996cb3dc -> 
  custom:container-muxer-webm: aa71ff27fc2769a1b78a27578f13a17b -> 
  custom:container-demuxer-webm: 4f35f7cbe854078d1ac9338744f61a02 -> 
  custom:video-encoder-webm-vp8: eb34c28f22e8b96e1ab97ce403110664 -> 
  custom:CustomObjectIndexerAttribute: bc11b3a6c3213fcdd17b65e7da85e133 -> 
  custom:audio-encoder-webm-vorbis: bf7c407c2cedff20999df2af8eb42d56 -> 
  custom:framework-win-MediaFoundation: 216162199b28c13a410421893ffa2e32 -> 
  custom:container-demuxer-ogg: 62fdf1f143b41e24485cea50d1cbac27 -> 
  custom:video-decoder-webm-vp8: 9c59270c3fd7afecdb556c50c9e8de78 -> 
  custom:audio-decoder-ogg-vorbis: bf7c407c2cedff20999df2af8eb42d56 -> 
========================================================================
Received Import Request.
  Time since last request: 133.683305 seconds.
  path: Assets/Prefabs/T.prefab
  artifactKey: Guid(117148f26daa5054494a03441abcb45f) Importer(815301076,1909f56bfc062723c751e8b465ee728b)
Start importing Assets/Prefabs/T.prefab using Guid(117148f26daa5054494a03441abcb45f) Importer(815301076,1909f56bfc062723c751e8b465ee728b)  -> (artifact id: '4e532b3f02b04c86c98c61f46921c2e2') in 0.108426 seconds 
========================================================================
Received Import Request.
  Time since last request: 4.863641 seconds.
  path: Assets/Prefabs/T.prefab
  artifactKey: Guid(117148f26daa5054494a03441abcb45f) Importer(815301076,1909f56bfc062723c751e8b465ee728b)
Start importing Assets/Prefabs/T.prefab using Guid(117148f26daa5054494a03441abcb45f) Importer(815301076,1909f56bfc062723c751e8b465ee728b)  -> (artifact id: '4c572d8b0bac9544f60b61faa1b0b6bb') in 0.013279 seconds 
========================================================================
Received Import Request.
  Time since last request: 30.990378 seconds.
  path: Assets/Prefabs/T.prefab
  artifactKey: Guid(117148f26daa5054494a03441abcb45f) Importer(815301076,1909f56bfc062723c751e8b465ee728b)
Start importing Assets/Prefabs/T.prefab using Guid(117148f26daa5054494a03441abcb45f) Importer(815301076,1909f56bfc062723c751e8b465ee728b)  -> (artifact id: 'd0ee536ed6d4b4a1f49cda223a5ee4b7') in 0.017977 seconds 
========================================================================
Received Import Request.
  Time since last request: 7.847525 seconds.
  path: Assets/Prefabs/T.prefab
  artifactKey: Guid(117148f26daa5054494a03441abcb45f) Importer(815301076,1909f56bfc062723c751e8b465ee728b)
Start importing Assets/Prefabs/T.prefab using Guid(117148f26daa5054494a03441abcb45f) Importer(815301076,1909f56bfc062723c751e8b465ee728b)  -> (artifact id: '3897d990993b4d7f5bc12acb3cc767d6') in 0.026545 seconds 
========================================================================
Received Prepare
Registering precompiled user dll's ...
Registered in 0.003387 seconds.
Begin MonoManager ReloadAssembly
Symbol file LoadedFromMemory doesn't match image D:\unity\KursyRougeLike\Library\PackageCache\com.unity.visualscripting@1.8.0\Editor\VisualScripting.Core\Dependencies\YamlDotNet\Unity.VisualScripting.YamlDotNet.dll
Symbol file LoadedFromMemory doesn't match image D:\unity\KursyRougeLike\Library\PackageCache\com.unity.visualscripting@1.8.0\Editor\VisualScripting.Core\Dependencies\DotNetZip\Unity.VisualScripting.IonicZip.dll
Native extension for WindowsStandalone target not found
Refreshing native plugins compatible for Editor in 0.45 ms, found 3 plugins.
Preloading 0 native plugins for Editor in 0.00 ms.
Mono: successfully reloaded assembly
- Completed reload, in  1.090 seconds
Domain Reload Profiling:
	ReloadAssembly (1090ms)
		BeginReloadAssembly (154ms)
			ExecutionOrderSort (0ms)
			DisableScriptedObjects (6ms)
			BackupInstance (0ms)
			ReleaseScriptingObjects (0ms)
			CreateAndSetChildDomain (36ms)
		EndReloadAssembly (835ms)
			LoadAssemblies (104ms)
			RebuildTransferFunctionScriptingTraits (0ms)
			SetupTypeCache (306ms)
			ReleaseScriptCaches (1ms)
			RebuildScriptCaches (54ms)
			SetupLoadedEditorAssemblies (338ms)
				LogAssemblyErrors (0ms)
				InitializePlatformSupportModulesInManaged (4ms)
				SetLoadedEditorAssemblies (0ms)
				RefreshPlugins (1ms)
				BeforeProcessingInitializeOnLoad (70ms)
				ProcessInitializeOnLoadAttributes (234ms)
				ProcessInitializeOnLoadMethodAttributes (25ms)
				AfterProcessingInitializeOnLoad (3ms)
				EditorAssembliesLoaded (0ms)
			ExecutionOrderSort2 (0ms)
			AwakeInstancesAfterBackupRestoration (8ms)
Platform modules already initialized, skipping
Refreshing native plugins compatible for Editor in 1.76 ms, found 3 plugins.
Preloading 0 native plugins for Editor in 0.00 ms.
Unloading 3046 Unused Serialized files (Serialized files now loaded: 0)
Unloading 15 unused Assets / (22.1 KB). Loaded Objects now: 3663.
Memory consumption went from 112.4 MB to 112.4 MB.
Total: 5.649700 ms (FindLiveObjects: 0.383300 ms CreateObjectMapping: 0.289200 ms MarkObjects: 4.952500 ms  DeleteObjects: 0.023500 ms)

AssetImportParameters requested are different than current active one (requested -> active):
  custom:video-decoder-ogg-theora: a1e56fd34408186e4bbccfd4996cb3dc -> 
  custom:container-muxer-webm: aa71ff27fc2769a1b78a27578f13a17b -> 
  custom:container-demuxer-webm: 4f35f7cbe854078d1ac9338744f61a02 -> 
  custom:video-encoder-webm-vp8: eb34c28f22e8b96e1ab97ce403110664 -> 
  custom:CustomObjectIndexerAttribute: bc11b3a6c3213fcdd17b65e7da85e133 -> 
  custom:audio-encoder-webm-vorbis: bf7c407c2cedff20999df2af8eb42d56 -> 
  custom:framework-win-MediaFoundation: 216162199b28c13a410421893ffa2e32 -> 
  custom:container-demuxer-ogg: 62fdf1f143b41e24485cea50d1cbac27 -> 
  custom:video-decoder-webm-vp8: 9c59270c3fd7afecdb556c50c9e8de78 -> 
  custom:audio-decoder-ogg-vorbis: bf7c407c2cedff20999df2af8eb42d56 -> 
========================================================================
Received Prepare
Registering precompiled user dll's ...
Registered in 0.003377 seconds.
Begin MonoManager ReloadAssembly
Symbol file LoadedFromMemory doesn't match image D:\unity\KursyRougeLike\Library\PackageCache\com.unity.visualscripting@1.8.0\Editor\VisualScripting.Core\Dependencies\YamlDotNet\Unity.VisualScripting.YamlDotNet.dll
Symbol file LoadedFromMemory doesn't match image D:\unity\KursyRougeLike\Library\PackageCache\com.unity.visualscripting@1.8.0\Editor\VisualScripting.Core\Dependencies\DotNetZip\Unity.VisualScripting.IonicZip.dll
Native extension for WindowsStandalone target not found
Refreshing native plugins compatible for Editor in 0.52 ms, found 3 plugins.
Preloading 0 native plugins for Editor in 0.00 ms.
Mono: successfully reloaded assembly
- Completed reload, in  1.240 seconds
Domain Reload Profiling:
	ReloadAssembly (1241ms)
		BeginReloadAssembly (197ms)
			ExecutionOrderSort (0ms)
			DisableScriptedObjects (6ms)
			BackupInstance (0ms)
			ReleaseScriptingObjects (0ms)
			CreateAndSetChildDomain (51ms)
		EndReloadAssembly (886ms)
			LoadAssemblies (130ms)
			RebuildTransferFunctionScriptingTraits (0ms)
			SetupTypeCache (362ms)
			ReleaseScriptCaches (1ms)
			RebuildScriptCaches (49ms)
			SetupLoadedEditorAssemblies (323ms)
				LogAssemblyErrors (0ms)
				InitializePlatformSupportModulesInManaged (8ms)
				SetLoadedEditorAssemblies (1ms)
				RefreshPlugins (1ms)
				BeforeProcessingInitializeOnLoad (61ms)
				ProcessInitializeOnLoadAttributes (223ms)
				ProcessInitializeOnLoadMethodAttributes (25ms)
				AfterProcessingInitializeOnLoad (3ms)
				EditorAssembliesLoaded (0ms)
			ExecutionOrderSort2 (0ms)
			AwakeInstancesAfterBackupRestoration (9ms)
Platform modules already initialized, skipping
Refreshing native plugins compatible for Editor in 1.58 ms, found 3 plugins.
Preloading 0 native plugins for Editor in 0.00 ms.
Unloading 3046 Unused Serialized files (Serialized files now loaded: 0)
Unloading 15 unused Assets / (22.0 KB). Loaded Objects now: 3666.
Memory consumption went from 112.4 MB to 112.4 MB.
Total: 2.802100 ms (FindLiveObjects: 0.323900 ms CreateObjectMapping: 0.198200 ms MarkObjects: 2.255600 ms  DeleteObjects: 0.023000 ms)

AssetImportParameters requested are different than current active one (requested -> active):
  custom:video-decoder-ogg-theora: a1e56fd34408186e4bbccfd4996cb3dc -> 
  custom:container-muxer-webm: aa71ff27fc2769a1b78a27578f13a17b -> 
  custom:container-demuxer-webm: 4f35f7cbe854078d1ac9338744f61a02 -> 
  custom:video-encoder-webm-vp8: eb34c28f22e8b96e1ab97ce403110664 -> 
  custom:CustomObjectIndexerAttribute: bc11b3a6c3213fcdd17b65e7da85e133 -> 
  custom:audio-encoder-webm-vorbis: bf7c407c2cedff20999df2af8eb42d56 -> 
  custom:framework-win-MediaFoundation: 216162199b28c13a410421893ffa2e32 -> 
  custom:container-demuxer-ogg: 62fdf1f143b41e24485cea50d1cbac27 -> 
  custom:video-decoder-webm-vp8: 9c59270c3fd7afecdb556c50c9e8de78 -> 
  custom:audio-decoder-ogg-vorbis: bf7c407c2cedff20999df2af8eb42d56 -> 
========================================================================
Received Prepare
Registering precompiled user dll's ...
Registered in 0.003321 seconds.
Begin MonoManager ReloadAssembly
Symbol file LoadedFromMemory doesn't match image D:\unity\KursyRougeLike\Library\PackageCache\com.unity.visualscripting@1.8.0\Editor\VisualScripting.Core\Dependencies\YamlDotNet\Unity.VisualScripting.YamlDotNet.dll
Symbol file LoadedFromMemory doesn't match image D:\unity\KursyRougeLike\Library\PackageCache\com.unity.visualscripting@1.8.0\Editor\VisualScripting.Core\Dependencies\DotNetZip\Unity.VisualScripting.IonicZip.dll
Native extension for WindowsStandalone target not found
Refreshing native plugins compatible for Editor in 1.15 ms, found 3 plugins.
Preloading 0 native plugins for Editor in 0.00 ms.
Mono: successfully reloaded assembly
- Completed reload, in  2.134 seconds
Domain Reload Profiling:
	ReloadAssembly (2135ms)
		BeginReloadAssembly (176ms)
			ExecutionOrderSort (0ms)
			DisableScriptedObjects (6ms)
			BackupInstance (0ms)
			ReleaseScriptingObjects (0ms)
			CreateAndSetChildDomain (36ms)
		EndReloadAssembly (1831ms)
			LoadAssemblies (119ms)
			RebuildTransferFunctionScriptingTraits (0ms)
			SetupTypeCache (459ms)
			ReleaseScriptCaches (3ms)
			RebuildScriptCaches (134ms)
			SetupLoadedEditorAssemblies (913ms)
				LogAssemblyErrors (0ms)
				InitializePlatformSupportModulesInManaged (20ms)
				SetLoadedEditorAssemblies (2ms)
				RefreshPlugins (2ms)
				BeforeProcessingInitializeOnLoad (184ms)
				ProcessInitializeOnLoadAttributes (618ms)
				ProcessInitializeOnLoadMethodAttributes (79ms)
				AfterProcessingInitializeOnLoad (8ms)
				EditorAssembliesLoaded (0ms)
			ExecutionOrderSort2 (0ms)
			AwakeInstancesAfterBackupRestoration (40ms)
Platform modules already initialized, skipping
Refreshing native plugins compatible for Editor in 3.75 ms, found 3 plugins.
Preloading 0 native plugins for Editor in 0.00 ms.
Unloading 3046 Unused Serialized files (Serialized files now loaded: 0)
Unloading 15 unused Assets / (22.0 KB). Loaded Objects now: 3669.
Memory consumption went from 112.4 MB to 112.4 MB.
Total: 4.604400 ms (FindLiveObjects: 0.273000 ms CreateObjectMapping: 0.337900 ms MarkObjects: 3.967900 ms  DeleteObjects: 0.024500 ms)

AssetImportParameters requested are different than current active one (requested -> active):
  custom:video-decoder-ogg-theora: a1e56fd34408186e4bbccfd4996cb3dc -> 
  custom:container-muxer-webm: aa71ff27fc2769a1b78a27578f13a17b -> 
  custom:container-demuxer-webm: 4f35f7cbe854078d1ac9338744f61a02 -> 
  custom:video-encoder-webm-vp8: eb34c28f22e8b96e1ab97ce403110664 -> 
  custom:CustomObjectIndexerAttribute: bc11b3a6c3213fcdd17b65e7da85e133 -> 
  custom:audio-encoder-webm-vorbis: bf7c407c2cedff20999df2af8eb42d56 -> 
  custom:framework-win-MediaFoundation: 216162199b28c13a410421893ffa2e32 -> 
  custom:container-demuxer-ogg: 62fdf1f143b41e24485cea50d1cbac27 -> 
  custom:video-decoder-webm-vp8: 9c59270c3fd7afecdb556c50c9e8de78 -> 
  custom:audio-decoder-ogg-vorbis: bf7c407c2cedff20999df2af8eb42d56 -> 
========================================================================
Received Prepare
Registering precompiled user dll's ...
Registered in 0.004496 seconds.
Begin MonoManager ReloadAssembly
Symbol file LoadedFromMemory doesn't match image D:\unity\KursyRougeLike\Library\PackageCache\com.unity.visualscripting@1.8.0\Editor\VisualScripting.Core\Dependencies\YamlDotNet\Unity.VisualScripting.YamlDotNet.dll
Symbol file LoadedFromMemory doesn't match image D:\unity\KursyRougeLike\Library\PackageCache\com.unity.visualscripting@1.8.0\Editor\VisualScripting.Core\Dependencies\DotNetZip\Unity.VisualScripting.IonicZip.dll
Native extension for WindowsStandalone target not found
Refreshing native plugins compatible for Editor in 2.26 ms, found 3 plugins.
Preloading 0 native plugins for Editor in 0.00 ms.
Mono: successfully reloaded assembly
- Completed reload, in  1.565 seconds
Domain Reload Profiling:
	ReloadAssembly (1566ms)
		BeginReloadAssembly (172ms)
			ExecutionOrderSort (0ms)
			DisableScriptedObjects (6ms)
			BackupInstance (0ms)
			ReleaseScriptingObjects (0ms)
			CreateAndSetChildDomain (37ms)
		EndReloadAssembly (1262ms)
			LoadAssemblies (123ms)
			RebuildTransferFunctionScriptingTraits (0ms)
			SetupTypeCache (356ms)
			ReleaseScriptCaches (2ms)
			RebuildScriptCaches (72ms)
			SetupLoadedEditorAssemblies (595ms)
				LogAssemblyErrors (0ms)
				InitializePlatformSupportModulesInManaged (8ms)
				SetLoadedEditorAssemblies (1ms)
				RefreshPlugins (2ms)
				BeforeProcessingInitializeOnLoad (116ms)
				ProcessInitializeOnLoadAttributes (422ms)
				ProcessInitializeOnLoadMethodAttributes (42ms)
				AfterProcessingInitializeOnLoad (4ms)
				EditorAssembliesLoaded (0ms)
			ExecutionOrderSort2 (0ms)
			AwakeInstancesAfterBackupRestoration (12ms)
Platform modules already initialized, skipping
Refreshing native plugins compatible for Editor in 2.93 ms, found 3 plugins.
Preloading 0 native plugins for Editor in 0.00 ms.
Unloading 3046 Unused Serialized files (Serialized files now loaded: 0)
Unloading 15 unused Assets / (22.0 KB). Loaded Objects now: 3672.
Memory consumption went from 112.4 MB to 112.4 MB.
Total: 3.564700 ms (FindLiveObjects: 0.494400 ms CreateObjectMapping: 0.314500 ms MarkObjects: 2.730400 ms  DeleteObjects: 0.024300 ms)

AssetImportParameters requested are different than current active one (requested -> active):
  custom:video-decoder-ogg-theora: a1e56fd34408186e4bbccfd4996cb3dc -> 
  custom:container-muxer-webm: aa71ff27fc2769a1b78a27578f13a17b -> 
  custom:container-demuxer-webm: 4f35f7cbe854078d1ac9338744f61a02 -> 
  custom:video-encoder-webm-vp8: eb34c28f22e8b96e1ab97ce403110664 -> 
  custom:CustomObjectIndexerAttribute: bc11b3a6c3213fcdd17b65e7da85e133 -> 
  custom:audio-encoder-webm-vorbis: bf7c407c2cedff20999df2af8eb42d56 -> 
  custom:framework-win-MediaFoundation: 216162199b28c13a410421893ffa2e32 -> 
  custom:container-demuxer-ogg: 62fdf1f143b41e24485cea50d1cbac27 -> 
  custom:video-decoder-webm-vp8: 9c59270c3fd7afecdb556c50c9e8de78 -> 
  custom:audio-decoder-ogg-vorbis: bf7c407c2cedff20999df2af8eb42d56 -> 
========================================================================
Received Import Request.
  Time since last request: 531.065164 seconds.
  path: Assets/Prefabs/L.prefab
  artifactKey: Guid(94b1d5a4cdcb9934ab6f0e6ef83b9aa0) Importer(815301076,1909f56bfc062723c751e8b465ee728b)
Start importing Assets/Prefabs/L.prefab using Guid(94b1d5a4cdcb9934ab6f0e6ef83b9aa0) Importer(815301076,1909f56bfc062723c751e8b465ee728b)  -> (artifact id: '60676c137c35f6da7df280457a34fda7') in 0.088210 seconds 
========================================================================
Received Prepare
Registering precompiled user dll's ...
Registered in 0.003799 seconds.
Begin MonoManager ReloadAssembly
Symbol file LoadedFromMemory doesn't match image D:\unity\KursyRougeLike\Library\PackageCache\com.unity.visualscripting@1.8.0\Editor\VisualScripting.Core\Dependencies\YamlDotNet\Unity.VisualScripting.YamlDotNet.dll
Symbol file LoadedFromMemory doesn't match image D:\unity\KursyRougeLike\Library\PackageCache\com.unity.visualscripting@1.8.0\Editor\VisualScripting.Core\Dependencies\DotNetZip\Unity.VisualScripting.IonicZip.dll
Native extension for WindowsStandalone target not found
Refreshing native plugins compatible for Editor in 0.59 ms, found 3 plugins.
Preloading 0 native plugins for Editor in 0.00 ms.
Mono: successfully reloaded assembly
- Completed reload, in  1.667 seconds
Domain Reload Profiling:
	ReloadAssembly (1668ms)
		BeginReloadAssembly (169ms)
			ExecutionOrderSort (0ms)
			DisableScriptedObjects (5ms)
			BackupInstance (0ms)
			ReleaseScriptingObjects (0ms)
			CreateAndSetChildDomain (42ms)
		EndReloadAssembly (1370ms)
			LoadAssemblies (106ms)
			RebuildTransferFunctionScriptingTraits (0ms)
			SetupTypeCache (432ms)
			ReleaseScriptCaches (14ms)
			RebuildScriptCaches (56ms)
			SetupLoadedEditorAssemblies (662ms)
				LogAssemblyErrors (0ms)
				InitializePlatformSupportModulesInManaged (11ms)
				SetLoadedEditorAssemblies (1ms)
				RefreshPlugins (1ms)
				BeforeProcessingInitializeOnLoad (99ms)
				ProcessInitializeOnLoadAttributes (490ms)
				ProcessInitializeOnLoadMethodAttributes (52ms)
				AfterProcessingInitializeOnLoad (8ms)
				EditorAssembliesLoaded (1ms)
			ExecutionOrderSort2 (0ms)
			AwakeInstancesAfterBackupRestoration (15ms)
Platform modules already initialized, skipping
Refreshing native plugins compatible for Editor in 1.85 ms, found 3 plugins.
Preloading 0 native plugins for Editor in 0.00 ms.
Unloading 3046 Unused Serialized files (Serialized files now loaded: 0)
Unloading 15 unused Assets / (21.9 KB). Loaded Objects now: 3675.
Memory consumption went from 112.4 MB to 112.4 MB.
Total: 3.425300 ms (FindLiveObjects: 0.278100 ms CreateObjectMapping: 0.216400 ms MarkObjects: 2.907400 ms  DeleteObjects: 0.022500 ms)

AssetImportParameters requested are different than current active one (requested -> active):
  custom:video-decoder-ogg-theora: a1e56fd34408186e4bbccfd4996cb3dc -> 
  custom:container-muxer-webm: aa71ff27fc2769a1b78a27578f13a17b -> 
  custom:container-demuxer-webm: 4f35f7cbe854078d1ac9338744f61a02 -> 
  custom:video-encoder-webm-vp8: eb34c28f22e8b96e1ab97ce403110664 -> 
  custom:CustomObjectIndexerAttribute: bc11b3a6c3213fcdd17b65e7da85e133 -> 
  custom:audio-encoder-webm-vorbis: bf7c407c2cedff20999df2af8eb42d56 -> 
  custom:framework-win-MediaFoundation: 216162199b28c13a410421893ffa2e32 -> 
  custom:container-demuxer-ogg: 62fdf1f143b41e24485cea50d1cbac27 -> 
  custom:video-decoder-webm-vp8: 9c59270c3fd7afecdb556c50c9e8de78 -> 
  custom:audio-decoder-ogg-vorbis: bf7c407c2cedff20999df2af8eb42d56 -> 
========================================================================
Received Import Request.
  Time since last request: 149.777206 seconds.
  path: Assets/Scripts/RoomDebugger.cs
  artifactKey: Guid(e942bd2e1fded824b9552cad3a84aa42) Importer(815301076,1909f56bfc062723c751e8b465ee728b)
Start importing Assets/Scripts/RoomDebugger.cs using Guid(e942bd2e1fded824b9552cad3a84aa42) Importer(815301076,1909f56bfc062723c751e8b465ee728b)  -> (artifact id: '5c431f2629319870004b5b80ae736b56') in 0.026756 seconds 
========================================================================
Received Prepare
Registering precompiled user dll's ...
Registered in 0.053851 seconds.
Begin MonoManager ReloadAssembly
Symbol file LoadedFromMemory doesn't match image D:\unity\KursyRougeLike\Library\PackageCache\com.unity.visualscripting@1.8.0\Editor\VisualScripting.Core\Dependencies\YamlDotNet\Unity.VisualScripting.YamlDotNet.dll
Symbol file LoadedFromMemory doesn't match image D:\unity\KursyRougeLike\Library\PackageCache\com.unity.visualscripting@1.8.0\Editor\VisualScripting.Core\Dependencies\DotNetZip\Unity.VisualScripting.IonicZip.dll
Native extension for WindowsStandalone target not found
Refreshing native plugins compatible for Editor in 0.48 ms, found 3 plugins.
Preloading 0 native plugins for Editor in 0.00 ms.
Mono: successfully reloaded assembly
- Completed reload, in  1.282 seconds
Domain Reload Profiling:
	ReloadAssembly (1282ms)
		BeginReloadAssembly (320ms)
			ExecutionOrderSort (0ms)
			DisableScriptedObjects (8ms)
			BackupInstance (0ms)
			ReleaseScriptingObjects (1ms)
			CreateAndSetChildDomain (40ms)
		EndReloadAssembly (836ms)
			LoadAssemblies (266ms)
			RebuildTransferFunctionScriptingTraits (0ms)
			SetupTypeCache (315ms)
			ReleaseScriptCaches (2ms)
			RebuildScriptCaches (57ms)
			SetupLoadedEditorAssemblies (319ms)
				LogAssemblyErrors (0ms)
				InitializePlatformSupportModulesInManaged (4ms)
				SetLoadedEditorAssemblies (1ms)
				RefreshPlugins (1ms)
				BeforeProcessingInitializeOnLoad (58ms)
				ProcessInitializeOnLoadAttributes (224ms)
				ProcessInitializeOnLoadMethodAttributes (28ms)
				AfterProcessingInitializeOnLoad (3ms)
				EditorAssembliesLoaded (0ms)
			ExecutionOrderSort2 (0ms)
			AwakeInstancesAfterBackupRestoration (7ms)
Platform modules already initialized, skipping
Refreshing native plugins compatible for Editor in 2.04 ms, found 3 plugins.
Preloading 0 native plugins for Editor in 0.00 ms.
Unloading 3047 Unused Serialized files (Serialized files now loaded: 0)
Unloading 15 unused Assets / (22.0 KB). Loaded Objects now: 3679.
Memory consumption went from 112.4 MB to 112.4 MB.
Total: 3.519100 ms (FindLiveObjects: 0.281100 ms CreateObjectMapping: 0.197300 ms MarkObjects: 3.014100 ms  DeleteObjects: 0.025200 ms)

AssetImportParameters requested are different than current active one (requested -> active):
  custom:video-decoder-ogg-theora: a1e56fd34408186e4bbccfd4996cb3dc -> 
  custom:container-muxer-webm: aa71ff27fc2769a1b78a27578f13a17b -> 
  custom:container-demuxer-webm: 4f35f7cbe854078d1ac9338744f61a02 -> 
  custom:video-encoder-webm-vp8: eb34c28f22e8b96e1ab97ce403110664 -> 
  custom:CustomObjectIndexerAttribute: bc11b3a6c3213fcdd17b65e7da85e133 -> 
  custom:audio-encoder-webm-vorbis: bf7c407c2cedff20999df2af8eb42d56 -> 
  custom:framework-win-MediaFoundation: 216162199b28c13a410421893ffa2e32 -> 
  custom:container-demuxer-ogg: 62fdf1f143b41e24485cea50d1cbac27 -> 
  custom:video-decoder-webm-vp8: 9c59270c3fd7afecdb556c50c9e8de78 -> 
  custom:audio-decoder-ogg-vorbis: bf7c407c2cedff20999df2af8eb42d56 -> 
========================================================================
Received Prepare
Registering precompiled user dll's ...
Registered in 0.003282 seconds.
Begin MonoManager ReloadAssembly
Symbol file LoadedFromMemory doesn't match image D:\unity\KursyRougeLike\Library\PackageCache\com.unity.visualscripting@1.8.0\Editor\VisualScripting.Core\Dependencies\YamlDotNet\Unity.VisualScripting.YamlDotNet.dll
Symbol file LoadedFromMemory doesn't match image D:\unity\KursyRougeLike\Library\PackageCache\com.unity.visualscripting@1.8.0\Editor\VisualScripting.Core\Dependencies\DotNetZip\Unity.VisualScripting.IonicZip.dll
Native extension for WindowsStandalone target not found
Refreshing native plugins compatible for Editor in 1.17 ms, found 3 plugins.
Preloading 0 native plugins for Editor in 0.00 ms.
Mono: successfully reloaded assembly
- Completed reload, in  1.454 seconds
Domain Reload Profiling:
	ReloadAssembly (1455ms)
		BeginReloadAssembly (173ms)
			ExecutionOrderSort (0ms)
			DisableScriptedObjects (6ms)
			BackupInstance (0ms)
			ReleaseScriptingObjects (0ms)
			CreateAndSetChildDomain (35ms)
		EndReloadAssembly (1166ms)
			LoadAssemblies (129ms)
			RebuildTransferFunctionScriptingTraits (0ms)
			SetupTypeCache (417ms)
			ReleaseScriptCaches (1ms)
			RebuildScriptCaches (87ms)
			SetupLoadedEditorAssemblies (494ms)
				LogAssemblyErrors (0ms)
				InitializePlatformSupportModulesInManaged (4ms)
				SetLoadedEditorAssemblies (0ms)
				RefreshPlugins (1ms)
				BeforeProcessingInitializeOnLoad (76ms)
				ProcessInitializeOnLoadAttributes (364ms)
				ProcessInitializeOnLoadMethodAttributes (39ms)
				AfterProcessingInitializeOnLoad (9ms)
				EditorAssembliesLoaded (1ms)
			ExecutionOrderSort2 (0ms)
			AwakeInstancesAfterBackupRestoration (15ms)
Platform modules already initialized, skipping
Refreshing native plugins compatible for Editor in 2.42 ms, found 3 plugins.
Preloading 0 native plugins for Editor in 0.00 ms.
Unloading 3047 Unused Serialized files (Serialized files now loaded: 0)
Unloading 15 unused Assets / (22.0 KB). Loaded Objects now: 3682.
Memory consumption went from 112.4 MB to 112.4 MB.
Total: 2.610700 ms (FindLiveObjects: 0.274600 ms CreateObjectMapping: 0.167300 ms MarkObjects: 2.146600 ms  DeleteObjects: 0.021100 ms)

AssetImportParameters requested are different than current active one (requested -> active):
  custom:video-decoder-ogg-theora: a1e56fd34408186e4bbccfd4996cb3dc -> 
  custom:container-muxer-webm: aa71ff27fc2769a1b78a27578f13a17b -> 
  custom:container-demuxer-webm: 4f35f7cbe854078d1ac9338744f61a02 -> 
  custom:video-encoder-webm-vp8: eb34c28f22e8b96e1ab97ce403110664 -> 
  custom:CustomObjectIndexerAttribute: bc11b3a6c3213fcdd17b65e7da85e133 -> 
  custom:audio-encoder-webm-vorbis: bf7c407c2cedff20999df2af8eb42d56 -> 
  custom:framework-win-MediaFoundation: 216162199b28c13a410421893ffa2e32 -> 
  custom:container-demuxer-ogg: 62fdf1f143b41e24485cea50d1cbac27 -> 
  custom:video-decoder-webm-vp8: 9c59270c3fd7afecdb556c50c9e8de78 -> 
  custom:audio-decoder-ogg-vorbis: bf7c407c2cedff20999df2af8eb42d56 -> 
========================================================================
Received Import Request.
  Time since last request: 26.352024 seconds.
  path: Assets/Scripts/RoomDebugger.cs
  artifactKey: Guid(e942bd2e1fded824b9552cad3a84aa42) Importer(815301076,1909f56bfc062723c751e8b465ee728b)
Start importing Assets/Scripts/RoomDebugger.cs using Guid(e942bd2e1fded824b9552cad3a84aa42) Importer(815301076,1909f56bfc062723c751e8b465ee728b)  -> (artifact id: 'cde57f4292085b9c54fb39aef5c118ea') in 0.006149 seconds 
========================================================================
Received Import Request.
  Time since last request: 3.182345 seconds.
  path: Assets/Scenes/Rooms.unity
  artifactKey: Guid(5adaa96b181930e4da3fc8e4798162b1) Importer(815301076,1909f56bfc062723c751e8b465ee728b)
Start importing Assets/Scenes/Rooms.unity using Guid(5adaa96b181930e4da3fc8e4798162b1) Importer(815301076,1909f56bfc062723c751e8b465ee728b)  -> (artifact id: 'ba17b489b79bbad47d15e736fac3ec61') in 0.004541 seconds 
========================================================================
Received Import Request.
  Time since last request: 70.288100 seconds.
  path: Assets/Prefabs/DebugPointPrefab.prefab
  artifactKey: Guid(c8dbe80e1b4aa3244978b60ebc9845cb) Importer(815301076,1909f56bfc062723c751e8b465ee728b)
Start importing Assets/Prefabs/DebugPointPrefab.prefab using Guid(c8dbe80e1b4aa3244978b60ebc9845cb) Importer(815301076,1909f56bfc062723c751e8b465ee728b)  -> (artifact id: 'db8f9fda1330fcf663a42af3e68486c7') in 0.351353 seconds 
========================================================================
Received Prepare
Registering precompiled user dll's ...
Registered in 0.003312 seconds.
Begin MonoManager ReloadAssembly
Symbol file LoadedFromMemory doesn't match image D:\unity\KursyRougeLike\Library\PackageCache\com.unity.visualscripting@1.8.0\Editor\VisualScripting.Core\Dependencies\YamlDotNet\Unity.VisualScripting.YamlDotNet.dll
Symbol file LoadedFromMemory doesn't match image D:\unity\KursyRougeLike\Library\PackageCache\com.unity.visualscripting@1.8.0\Editor\VisualScripting.Core\Dependencies\DotNetZip\Unity.VisualScripting.IonicZip.dll
Native extension for WindowsStandalone target not found
Refreshing native plugins compatible for Editor in 0.47 ms, found 3 plugins.
Preloading 0 native plugins for Editor in 0.00 ms.
Mono: successfully reloaded assembly
- Completed reload, in  1.555 seconds
Domain Reload Profiling:
	ReloadAssembly (1556ms)
		BeginReloadAssembly (158ms)
			ExecutionOrderSort (0ms)
			DisableScriptedObjects (7ms)
			BackupInstance (0ms)
			ReleaseScriptingObjects (0ms)
			CreateAndSetChildDomain (44ms)
		EndReloadAssembly (1283ms)
			LoadAssemblies (124ms)
			RebuildTransferFunctionScriptingTraits (0ms)
			SetupTypeCache (379ms)
			ReleaseScriptCaches (1ms)
			RebuildScriptCaches (79ms)
			SetupLoadedEditorAssemblies (624ms)
				LogAssemblyErrors (0ms)
				InitializePlatformSupportModulesInManaged (6ms)
				SetLoadedEditorAssemblies (0ms)
				RefreshPlugins (1ms)
				BeforeProcessingInitializeOnLoad (79ms)
				ProcessInitializeOnLoadAttributes (484ms)
				ProcessInitializeOnLoadMethodAttributes (44ms)
				AfterProcessingInitializeOnLoad (11ms)
				EditorAssembliesLoaded (0ms)
			ExecutionOrderSort2 (0ms)
			AwakeInstancesAfterBackupRestoration (21ms)
Platform modules already initialized, skipping
Refreshing native plugins compatible for Editor in 2.78 ms, found 3 plugins.
Preloading 0 native plugins for Editor in 0.00 ms.
Unloading 3047 Unused Serialized files (Serialized files now loaded: 0)
Unloading 15 unused Assets / (22.0 KB). Loaded Objects now: 3687.
Memory consumption went from 112.5 MB to 112.5 MB.
Total: 3.688700 ms (FindLiveObjects: 0.410900 ms CreateObjectMapping: 0.228700 ms MarkObjects: 3.021100 ms  DeleteObjects: 0.026500 ms)

AssetImportParameters requested are different than current active one (requested -> active):
  custom:video-decoder-ogg-theora: a1e56fd34408186e4bbccfd4996cb3dc -> 
  custom:container-muxer-webm: aa71ff27fc2769a1b78a27578f13a17b -> 
  custom:container-demuxer-webm: 4f35f7cbe854078d1ac9338744f61a02 -> 
  custom:video-encoder-webm-vp8: eb34c28f22e8b96e1ab97ce403110664 -> 
  custom:CustomObjectIndexerAttribute: bc11b3a6c3213fcdd17b65e7da85e133 -> 
  custom:audio-encoder-webm-vorbis: bf7c407c2cedff20999df2af8eb42d56 -> 
  custom:framework-win-MediaFoundation: 216162199b28c13a410421893ffa2e32 -> 
  custom:container-demuxer-ogg: 62fdf1f143b41e24485cea50d1cbac27 -> 
  custom:video-decoder-webm-vp8: 9c59270c3fd7afecdb556c50c9e8de78 -> 
  custom:audio-decoder-ogg-vorbis: bf7c407c2cedff20999df2af8eb42d56 -> 
========================================================================
Received Prepare
Registering precompiled user dll's ...
Registered in 0.003491 seconds.
Begin MonoManager ReloadAssembly
Symbol file LoadedFromMemory doesn't match image D:\unity\KursyRougeLike\Library\PackageCache\com.unity.visualscripting@1.8.0\Editor\VisualScripting.Core\Dependencies\YamlDotNet\Unity.VisualScripting.YamlDotNet.dll
Symbol file LoadedFromMemory doesn't match image D:\unity\KursyRougeLike\Library\PackageCache\com.unity.visualscripting@1.8.0\Editor\VisualScripting.Core\Dependencies\DotNetZip\Unity.VisualScripting.IonicZip.dll
Native extension for WindowsStandalone target not found
Refreshing native plugins compatible for Editor in 0.78 ms, found 3 plugins.
Preloading 0 native plugins for Editor in 0.00 ms.
Mono: successfully reloaded assembly
- Completed reload, in  1.806 seconds
Domain Reload Profiling:
	ReloadAssembly (1809ms)
		BeginReloadAssembly (185ms)
			ExecutionOrderSort (0ms)
			DisableScriptedObjects (8ms)
			BackupInstance (0ms)
			ReleaseScriptingObjects (0ms)
			CreateAndSetChildDomain (47ms)
		EndReloadAssembly (1526ms)
			LoadAssemblies (117ms)
			RebuildTransferFunctionScriptingTraits (0ms)
			SetupTypeCache (476ms)
			ReleaseScriptCaches (5ms)
			RebuildScriptCaches (104ms)
			SetupLoadedEditorAssemblies (665ms)
				LogAssemblyErrors (0ms)
				InitializePlatformSupportModulesInManaged (29ms)
				SetLoadedEditorAssemblies (1ms)
				RefreshPlugins (1ms)
				BeforeProcessingInitializeOnLoad (118ms)
				ProcessInitializeOnLoadAttributes (468ms)
				ProcessInitializeOnLoadMethodAttributes (42ms)
				AfterProcessingInitializeOnLoad (6ms)
				EditorAssembliesLoaded (0ms)
			ExecutionOrderSort2 (0ms)
			AwakeInstancesAfterBackupRestoration (16ms)
Platform modules already initialized, skipping
Refreshing native plugins compatible for Editor in 1.95 ms, found 3 plugins.
Preloading 0 native plugins for Editor in 0.00 ms.
Unloading 3047 Unused Serialized files (Serialized files now loaded: 0)
Unloading 15 unused Assets / (22.0 KB). Loaded Objects now: 3690.
Memory consumption went from 112.5 MB to 112.5 MB.
Total: 4.622000 ms (FindLiveObjects: 0.313000 ms CreateObjectMapping: 1.191800 ms MarkObjects: 3.092200 ms  DeleteObjects: 0.024000 ms)

AssetImportParameters requested are different than current active one (requested -> active):
  custom:video-decoder-ogg-theora: a1e56fd34408186e4bbccfd4996cb3dc -> 
  custom:container-muxer-webm: aa71ff27fc2769a1b78a27578f13a17b -> 
  custom:container-demuxer-webm: 4f35f7cbe854078d1ac9338744f61a02 -> 
  custom:video-encoder-webm-vp8: eb34c28f22e8b96e1ab97ce403110664 -> 
  custom:CustomObjectIndexerAttribute: bc11b3a6c3213fcdd17b65e7da85e133 -> 
  custom:audio-encoder-webm-vorbis: bf7c407c2cedff20999df2af8eb42d56 -> 
  custom:framework-win-MediaFoundation: 216162199b28c13a410421893ffa2e32 -> 
  custom:container-demuxer-ogg: 62fdf1f143b41e24485cea50d1cbac27 -> 
  custom:video-decoder-webm-vp8: 9c59270c3fd7afecdb556c50c9e8de78 -> 
  custom:audio-decoder-ogg-vorbis: bf7c407c2cedff20999df2af8eb42d56 -> 
========================================================================
Received Import Request.
  Time since last request: 141.200932 seconds.
  path: Assets/Prefabs/I.prefab
  artifactKey: Guid(e75cd059aab59714c9b2f951a4343c0c) Importer(815301076,1909f56bfc062723c751e8b465ee728b)
Start importing Assets/Prefabs/I.prefab using Guid(e75cd059aab59714c9b2f951a4343c0c) Importer(815301076,1909f56bfc062723c751e8b465ee728b)  -> (artifact id: '2a7bb3c0115d1a3025711f3e92eea602') in 0.070672 seconds 
========================================================================
Received Import Request.
  Time since last request: 18.977937 seconds.
  path: Assets/Scenes/Generation.unity
  artifactKey: Guid(9caf8b73e1c3e1442aec67192717bf42) Importer(815301076,1909f56bfc062723c751e8b465ee728b)
Start importing Assets/Scenes/Generation.unity using Guid(9caf8b73e1c3e1442aec67192717bf42) Importer(815301076,1909f56bfc062723c751e8b465ee728b)  -> (artifact id: 'bb1b5c085ad670f9fc05db1e5c503c94') in 0.003515 seconds 
========================================================================
Received Prepare
Registering precompiled user dll's ...
Registered in 0.003166 seconds.
Begin MonoManager ReloadAssembly
Symbol file LoadedFromMemory doesn't match image D:\unity\KursyRougeLike\Library\PackageCache\com.unity.visualscripting@1.8.0\Editor\VisualScripting.Core\Dependencies\YamlDotNet\Unity.VisualScripting.YamlDotNet.dll
Symbol file LoadedFromMemory doesn't match image D:\unity\KursyRougeLike\Library\PackageCache\com.unity.visualscripting@1.8.0\Editor\VisualScripting.Core\Dependencies\DotNetZip\Unity.VisualScripting.IonicZip.dll
Native extension for WindowsStandalone target not found
Refreshing native plugins compatible for Editor in 0.46 ms, found 3 plugins.
Preloading 0 native plugins for Editor in 0.00 ms.
Mono: successfully reloaded assembly
- Completed reload, in  1.224 seconds
Domain Reload Profiling:
	ReloadAssembly (1225ms)
		BeginReloadAssembly (145ms)
			ExecutionOrderSort (0ms)
			DisableScriptedObjects (6ms)
			BackupInstance (0ms)
			ReleaseScriptingObjects (0ms)
			CreateAndSetChildDomain (32ms)
		EndReloadAssembly (985ms)
			LoadAssemblies (97ms)
			RebuildTransferFunctionScriptingTraits (0ms)
			SetupTypeCache (389ms)
			ReleaseScriptCaches (1ms)
			RebuildScriptCaches (39ms)
			SetupLoadedEditorAssemblies (423ms)
				LogAssemblyErrors (0ms)
				InitializePlatformSupportModulesInManaged (5ms)
				SetLoadedEditorAssemblies (0ms)
				RefreshPlugins (1ms)
				BeforeProcessingInitializeOnLoad (81ms)
				ProcessInitializeOnLoadAttributes (300ms)
				ProcessInitializeOnLoadMethodAttributes (30ms)
				AfterProcessingInitializeOnLoad (6ms)
				EditorAssembliesLoaded (0ms)
			ExecutionOrderSort2 (0ms)
			AwakeInstancesAfterBackupRestoration (12ms)
Platform modules already initialized, skipping
Refreshing native plugins compatible for Editor in 1.59 ms, found 3 plugins.
Preloading 0 native plugins for Editor in 0.00 ms.
Unloading 3047 Unused Serialized files (Serialized files now loaded: 0)
Unloading 15 unused Assets / (22.0 KB). Loaded Objects now: 3693.
Memory consumption went from 112.5 MB to 112.5 MB.
Total: 4.545400 ms (FindLiveObjects: 0.381100 ms CreateObjectMapping: 0.402100 ms MarkObjects: 3.736000 ms  DeleteObjects: 0.025100 ms)

AssetImportParameters requested are different than current active one (requested -> active):
  custom:video-decoder-ogg-theora: a1e56fd34408186e4bbccfd4996cb3dc -> 
  custom:container-muxer-webm: aa71ff27fc2769a1b78a27578f13a17b -> 
  custom:container-demuxer-webm: 4f35f7cbe854078d1ac9338744f61a02 -> 
  custom:video-encoder-webm-vp8: eb34c28f22e8b96e1ab97ce403110664 -> 
  custom:CustomObjectIndexerAttribute: bc11b3a6c3213fcdd17b65e7da85e133 -> 
  custom:audio-encoder-webm-vorbis: bf7c407c2cedff20999df2af8eb42d56 -> 
  custom:framework-win-MediaFoundation: 216162199b28c13a410421893ffa2e32 -> 
  custom:container-demuxer-ogg: 62fdf1f143b41e24485cea50d1cbac27 -> 
  custom:video-decoder-webm-vp8: 9c59270c3fd7afecdb556c50c9e8de78 -> 
  custom:audio-decoder-ogg-vorbis: bf7c407c2cedff20999df2af8eb42d56 -> 
========================================================================
Received Import Request.
  Time since last request: 34.906668 seconds.
  path: Assets/Prefabs/I.prefab
  artifactKey: Guid(e75cd059aab59714c9b2f951a4343c0c) Importer(815301076,1909f56bfc062723c751e8b465ee728b)
Start importing Assets/Prefabs/I.prefab using Guid(e75cd059aab59714c9b2f951a4343c0c) Importer(815301076,1909f56bfc062723c751e8b465ee728b)  -> (artifact id: 'f25b1c924491ac849fd712b42056e7a8') in 0.116660 seconds 
========================================================================
Received Import Request.
  Time since last request: 22.312650 seconds.
  path: Assets/Scenes/Rooms.unity
  artifactKey: Guid(5adaa96b181930e4da3fc8e4798162b1) Importer(815301076,1909f56bfc062723c751e8b465ee728b)
Start importing Assets/Scenes/Rooms.unity using Guid(5adaa96b181930e4da3fc8e4798162b1) Importer(815301076,1909f56bfc062723c751e8b465ee728b)  -> (artifact id: 'ae6a4bc4b3acdb35d1794c9b7cdee43d') in 0.002882 seconds 
========================================================================
Received Prepare
Registering precompiled user dll's ...
Registered in 0.003204 seconds.
Begin MonoManager ReloadAssembly
Symbol file LoadedFromMemory doesn't match image D:\unity\KursyRougeLike\Library\PackageCache\com.unity.visualscripting@1.8.0\Editor\VisualScripting.Core\Dependencies\YamlDotNet\Unity.VisualScripting.YamlDotNet.dll
Symbol file LoadedFromMemory doesn't match image D:\unity\KursyRougeLike\Library\PackageCache\com.unity.visualscripting@1.8.0\Editor\VisualScripting.Core\Dependencies\DotNetZip\Unity.VisualScripting.IonicZip.dll
Native extension for WindowsStandalone target not found
Refreshing native plugins compatible for Editor in 0.46 ms, found 3 plugins.
Preloading 0 native plugins for Editor in 0.00 ms.
Mono: successfully reloaded assembly
- Completed reload, in  1.121 seconds
Domain Reload Profiling:
	ReloadAssembly (1122ms)
		BeginReloadAssembly (150ms)
			ExecutionOrderSort (0ms)
			DisableScriptedObjects (5ms)
			BackupInstance (0ms)
			ReleaseScriptingObjects (0ms)
			CreateAndSetChildDomain (31ms)
		EndReloadAssembly (878ms)
			LoadAssemblies (105ms)
			RebuildTransferFunctionScriptingTraits (0ms)
			SetupTypeCache (314ms)
			ReleaseScriptCaches (1ms)
			RebuildScriptCaches (55ms)
			SetupLoadedEditorAssemblies (367ms)
				LogAssemblyErrors (0ms)
				InitializePlatformSupportModulesInManaged (4ms)
				SetLoadedEditorAssemblies (0ms)
				RefreshPlugins (1ms)
				BeforeProcessingInitializeOnLoad (65ms)
				ProcessInitializeOnLoadAttributes (258ms)
				ProcessInitializeOnLoadMethodAttributes (26ms)
				AfterProcessingInitializeOnLoad (12ms)
				EditorAssembliesLoaded (0ms)
			ExecutionOrderSort2 (0ms)
			AwakeInstancesAfterBackupRestoration (16ms)
Platform modules already initialized, skipping
Refreshing native plugins compatible for Editor in 1.76 ms, found 3 plugins.
Preloading 0 native plugins for Editor in 0.00 ms.
Unloading 3047 Unused Serialized files (Serialized files now loaded: 0)
Unloading 15 unused Assets / (22.0 KB). Loaded Objects now: 3696.
Memory consumption went from 112.5 MB to 112.5 MB.
Total: 4.844300 ms (FindLiveObjects: 0.632700 ms CreateObjectMapping: 0.256300 ms MarkObjects: 3.931100 ms  DeleteObjects: 0.023000 ms)

AssetImportParameters requested are different than current active one (requested -> active):
  custom:video-decoder-ogg-theora: a1e56fd34408186e4bbccfd4996cb3dc -> 
  custom:container-muxer-webm: aa71ff27fc2769a1b78a27578f13a17b -> 
  custom:container-demuxer-webm: 4f35f7cbe854078d1ac9338744f61a02 -> 
  custom:video-encoder-webm-vp8: eb34c28f22e8b96e1ab97ce403110664 -> 
  custom:CustomObjectIndexerAttribute: bc11b3a6c3213fcdd17b65e7da85e133 -> 
  custom:audio-encoder-webm-vorbis: bf7c407c2cedff20999df2af8eb42d56 -> 
  custom:framework-win-MediaFoundation: 216162199b28c13a410421893ffa2e32 -> 
  custom:container-demuxer-ogg: 62fdf1f143b41e24485cea50d1cbac27 -> 
  custom:video-decoder-webm-vp8: 9c59270c3fd7afecdb556c50c9e8de78 -> 
  custom:audio-decoder-ogg-vorbis: bf7c407c2cedff20999df2af8eb42d56 -> 
========================================================================
Received Prepare
Registering precompiled user dll's ...
Registered in 0.003259 seconds.
Begin MonoManager ReloadAssembly
Symbol file LoadedFromMemory doesn't match image D:\unity\KursyRougeLike\Library\PackageCache\com.unity.visualscripting@1.8.0\Editor\VisualScripting.Core\Dependencies\YamlDotNet\Unity.VisualScripting.YamlDotNet.dll
Symbol file LoadedFromMemory doesn't match image D:\unity\KursyRougeLike\Library\PackageCache\com.unity.visualscripting@1.8.0\Editor\VisualScripting.Core\Dependencies\DotNetZip\Unity.VisualScripting.IonicZip.dll
Native extension for WindowsStandalone target not found
Refreshing native plugins compatible for Editor in 0.46 ms, found 3 plugins.
Preloading 0 native plugins for Editor in 0.00 ms.
Mono: successfully reloaded assembly
- Completed reload, in  1.138 seconds
Domain Reload Profiling:
	ReloadAssembly (1139ms)
		BeginReloadAssembly (142ms)
			ExecutionOrderSort (0ms)
			DisableScriptedObjects (8ms)
			BackupInstance (0ms)
			ReleaseScriptingObjects (0ms)
			CreateAndSetChildDomain (35ms)
		EndReloadAssembly (905ms)
			LoadAssemblies (87ms)
			RebuildTransferFunctionScriptingTraits (0ms)
			SetupTypeCache (302ms)
			ReleaseScriptCaches (1ms)
			RebuildScriptCaches (54ms)
			SetupLoadedEditorAssemblies (380ms)
				LogAssemblyErrors (0ms)
				InitializePlatformSupportModulesInManaged (6ms)
				SetLoadedEditorAssemblies (0ms)
				RefreshPlugins (1ms)
				BeforeProcessingInitializeOnLoad (65ms)
				ProcessInitializeOnLoadAttributes (276ms)
				ProcessInitializeOnLoadMethodAttributes (28ms)
				AfterProcessingInitializeOnLoad (4ms)
				EditorAssembliesLoaded (0ms)
			ExecutionOrderSort2 (0ms)
			AwakeInstancesAfterBackupRestoration (9ms)
Platform modules already initialized, skipping
Refreshing native plugins compatible for Editor in 1.88 ms, found 3 plugins.
Preloading 0 native plugins for Editor in 0.00 ms.
Unloading 3047 Unused Serialized files (Serialized files now loaded: 0)
Unloading 15 unused Assets / (22.0 KB). Loaded Objects now: 3699.
Memory consumption went from 112.6 MB to 112.5 MB.
Total: 4.838600 ms (FindLiveObjects: 0.519800 ms CreateObjectMapping: 0.373200 ms MarkObjects: 3.923500 ms  DeleteObjects: 0.021200 ms)

AssetImportParameters requested are different than current active one (requested -> active):
  custom:video-decoder-ogg-theora: a1e56fd34408186e4bbccfd4996cb3dc -> 
  custom:container-muxer-webm: aa71ff27fc2769a1b78a27578f13a17b -> 
  custom:container-demuxer-webm: 4f35f7cbe854078d1ac9338744f61a02 -> 
  custom:video-encoder-webm-vp8: eb34c28f22e8b96e1ab97ce403110664 -> 
  custom:CustomObjectIndexerAttribute: bc11b3a6c3213fcdd17b65e7da85e133 -> 
  custom:audio-encoder-webm-vorbis: bf7c407c2cedff20999df2af8eb42d56 -> 
  custom:framework-win-MediaFoundation: 216162199b28c13a410421893ffa2e32 -> 
  custom:container-demuxer-ogg: 62fdf1f143b41e24485cea50d1cbac27 -> 
  custom:video-decoder-webm-vp8: 9c59270c3fd7afecdb556c50c9e8de78 -> 
  custom:audio-decoder-ogg-vorbis: bf7c407c2cedff20999df2af8eb42d56 -> 
========================================================================
Received Import Request.
  Time since last request: 84.710200 seconds.
  path: Assets/Prefabs/L.prefab
  artifactKey: Guid(94b1d5a4cdcb9934ab6f0e6ef83b9aa0) Importer(815301076,1909f56bfc062723c751e8b465ee728b)
Start importing Assets/Prefabs/L.prefab using Guid(94b1d5a4cdcb9934ab6f0e6ef83b9aa0) Importer(815301076,1909f56bfc062723c751e8b465ee728b)  -> (artifact id: '8f27dee70f9dae3a098f96499c9719b9') in 0.100340 seconds 
========================================================================
Received Prepare
Registering precompiled user dll's ...
Registered in 0.004117 seconds.
Begin MonoManager ReloadAssembly
Symbol file LoadedFromMemory doesn't match image D:\unity\KursyRougeLike\Library\PackageCache\com.unity.visualscripting@1.8.0\Editor\VisualScripting.Core\Dependencies\YamlDotNet\Unity.VisualScripting.YamlDotNet.dll
Symbol file LoadedFromMemory doesn't match image D:\unity\KursyRougeLike\Library\PackageCache\com.unity.visualscripting@1.8.0\Editor\VisualScripting.Core\Dependencies\DotNetZip\Unity.VisualScripting.IonicZip.dll
Native extension for WindowsStandalone target not found
Refreshing native plugins compatible for Editor in 0.71 ms, found 3 plugins.
Preloading 0 native plugins for Editor in 0.00 ms.
Mono: successfully reloaded assembly
- Completed reload, in  1.143 seconds
Domain Reload Profiling:
	ReloadAssembly (1144ms)
		BeginReloadAssembly (146ms)
			ExecutionOrderSort (0ms)
			DisableScriptedObjects (6ms)
			BackupInstance (0ms)
			ReleaseScriptingObjects (0ms)
			CreateAndSetChildDomain (32ms)
		EndReloadAssembly (899ms)
			LoadAssemblies (96ms)
			RebuildTransferFunctionScriptingTraits (0ms)
			SetupTypeCache (296ms)
			ReleaseScriptCaches (1ms)
			RebuildScriptCaches (57ms)
			SetupLoadedEditorAssemblies (407ms)
				LogAssemblyErrors (0ms)
				InitializePlatformSupportModulesInManaged (5ms)
				SetLoadedEditorAssemblies (1ms)
				RefreshPlugins (1ms)
				BeforeProcessingInitializeOnLoad (63ms)
				ProcessInitializeOnLoadAttributes (307ms)
				ProcessInitializeOnLoadMethodAttributes (26ms)
				AfterProcessingInitializeOnLoad (4ms)
				EditorAssembliesLoaded (0ms)
			ExecutionOrderSort2 (0ms)
			AwakeInstancesAfterBackupRestoration (8ms)
Platform modules already initialized, skipping
Refreshing native plugins compatible for Editor in 1.74 ms, found 3 plugins.
Preloading 0 native plugins for Editor in 0.00 ms.
Unloading 3047 Unused Serialized files (Serialized files now loaded: 0)
Unloading 15 unused Assets / (22.0 KB). Loaded Objects now: 3702.
Memory consumption went from 112.6 MB to 112.5 MB.
Total: 3.121900 ms (FindLiveObjects: 0.290400 ms CreateObjectMapping: 0.237100 ms MarkObjects: 2.567300 ms  DeleteObjects: 0.025800 ms)

AssetImportParameters requested are different than current active one (requested -> active):
  custom:video-decoder-ogg-theora: a1e56fd34408186e4bbccfd4996cb3dc -> 
  custom:container-muxer-webm: aa71ff27fc2769a1b78a27578f13a17b -> 
  custom:container-demuxer-webm: 4f35f7cbe854078d1ac9338744f61a02 -> 
  custom:video-encoder-webm-vp8: eb34c28f22e8b96e1ab97ce403110664 -> 
  custom:CustomObjectIndexerAttribute: bc11b3a6c3213fcdd17b65e7da85e133 -> 
  custom:audio-encoder-webm-vorbis: bf7c407c2cedff20999df2af8eb42d56 -> 
  custom:framework-win-MediaFoundation: 216162199b28c13a410421893ffa2e32 -> 
  custom:container-demuxer-ogg: 62fdf1f143b41e24485cea50d1cbac27 -> 
  custom:video-decoder-webm-vp8: 9c59270c3fd7afecdb556c50c9e8de78 -> 
  custom:audio-decoder-ogg-vorbis: bf7c407c2cedff20999df2af8eb42d56 -> 
========================================================================
Received Prepare
Registering precompiled user dll's ...
Registered in 0.003873 seconds.
Begin MonoManager ReloadAssembly
Symbol file LoadedFromMemory doesn't match image D:\unity\KursyRougeLike\Library\PackageCache\com.unity.visualscripting@1.8.0\Editor\VisualScripting.Core\Dependencies\YamlDotNet\Unity.VisualScripting.YamlDotNet.dll
Symbol file LoadedFromMemory doesn't match image D:\unity\KursyRougeLike\Library\PackageCache\com.unity.visualscripting@1.8.0\Editor\VisualScripting.Core\Dependencies\DotNetZip\Unity.VisualScripting.IonicZip.dll
Native extension for WindowsStandalone target not found
Refreshing native plugins compatible for Editor in 0.47 ms, found 3 plugins.
Preloading 0 native plugins for Editor in 0.00 ms.
Mono: successfully reloaded assembly
- Completed reload, in  1.373 seconds
Domain Reload Profiling:
	ReloadAssembly (1374ms)
		BeginReloadAssembly (159ms)
			ExecutionOrderSort (0ms)
			DisableScriptedObjects (12ms)
			BackupInstance (0ms)
			ReleaseScriptingObjects (0ms)
			CreateAndSetChildDomain (41ms)
		EndReloadAssembly (1112ms)
			LoadAssemblies (103ms)
			RebuildTransferFunctionScriptingTraits (0ms)
			SetupTypeCache (323ms)
			ReleaseScriptCaches (1ms)
			RebuildScriptCaches (54ms)
			SetupLoadedEditorAssemblies (591ms)
				LogAssemblyErrors (0ms)
				InitializePlatformSupportModulesInManaged (5ms)
				SetLoadedEditorAssemblies (0ms)
				RefreshPlugins (1ms)
				BeforeProcessingInitializeOnLoad (68ms)
				ProcessInitializeOnLoadAttributes (484ms)
				ProcessInitializeOnLoadMethodAttributes (30ms)
				AfterProcessingInitializeOnLoad (3ms)
				EditorAssembliesLoaded (0ms)
			ExecutionOrderSort2 (0ms)
			AwakeInstancesAfterBackupRestoration (11ms)
Platform modules already initialized, skipping
Refreshing native plugins compatible for Editor in 2.01 ms, found 3 plugins.
Preloading 0 native plugins for Editor in 0.00 ms.
Unloading 3047 Unused Serialized files (Serialized files now loaded: 0)
Unloading 15 unused Assets / (22.0 KB). Loaded Objects now: 3705.
Memory consumption went from 112.6 MB to 112.5 MB.
Total: 2.906400 ms (FindLiveObjects: 0.284600 ms CreateObjectMapping: 0.173700 ms MarkObjects: 2.414400 ms  DeleteObjects: 0.032500 ms)

AssetImportParameters requested are different than current active one (requested -> active):
  custom:video-decoder-ogg-theora: a1e56fd34408186e4bbccfd4996cb3dc -> 
  custom:container-muxer-webm: aa71ff27fc2769a1b78a27578f13a17b -> 
  custom:container-demuxer-webm: 4f35f7cbe854078d1ac9338744f61a02 -> 
  custom:video-encoder-webm-vp8: eb34c28f22e8b96e1ab97ce403110664 -> 
  custom:CustomObjectIndexerAttribute: bc11b3a6c3213fcdd17b65e7da85e133 -> 
  custom:audio-encoder-webm-vorbis: bf7c407c2cedff20999df2af8eb42d56 -> 
  custom:framework-win-MediaFoundation: 216162199b28c13a410421893ffa2e32 -> 
  custom:container-demuxer-ogg: 62fdf1f143b41e24485cea50d1cbac27 -> 
  custom:video-decoder-webm-vp8: 9c59270c3fd7afecdb556c50c9e8de78 -> 
  custom:audio-decoder-ogg-vorbis: bf7c407c2cedff20999df2af8eb42d56 -> 
========================================================================
Received Import Request.
  Time since last request: 64.305994 seconds.
  path: Assets/Prefabs/T.prefab
  artifactKey: Guid(117148f26daa5054494a03441abcb45f) Importer(815301076,1909f56bfc062723c751e8b465ee728b)
Start importing Assets/Prefabs/T.prefab using Guid(117148f26daa5054494a03441abcb45f) Importer(815301076,1909f56bfc062723c751e8b465ee728b)  -> (artifact id: 'a8796cd74f7e7ec4d47145bdee3de081') in 0.084139 seconds 
========================================================================
Received Prepare
Registering precompiled user dll's ...
Registered in 0.003318 seconds.
Begin MonoManager ReloadAssembly
Symbol file LoadedFromMemory doesn't match image D:\unity\KursyRougeLike\Library\PackageCache\com.unity.visualscripting@1.8.0\Editor\VisualScripting.Core\Dependencies\YamlDotNet\Unity.VisualScripting.YamlDotNet.dll
Symbol file LoadedFromMemory doesn't match image D:\unity\KursyRougeLike\Library\PackageCache\com.unity.visualscripting@1.8.0\Editor\VisualScripting.Core\Dependencies\DotNetZip\Unity.VisualScripting.IonicZip.dll
Native extension for WindowsStandalone target not found
Refreshing native plugins compatible for Editor in 0.47 ms, found 3 plugins.
Preloading 0 native plugins for Editor in 0.00 ms.
Mono: successfully reloaded assembly
- Completed reload, in  1.277 seconds
Domain Reload Profiling:
	ReloadAssembly (1278ms)
		BeginReloadAssembly (155ms)
			ExecutionOrderSort (0ms)
			DisableScriptedObjects (6ms)
			BackupInstance (0ms)
			ReleaseScriptingObjects (0ms)
			CreateAndSetChildDomain (33ms)
		EndReloadAssembly (1006ms)
			LoadAssemblies (106ms)
			RebuildTransferFunctionScriptingTraits (0ms)
			SetupTypeCache (301ms)
			ReleaseScriptCaches (1ms)
			RebuildScriptCaches (50ms)
			SetupLoadedEditorAssemblies (490ms)
				LogAssemblyErrors (0ms)
				InitializePlatformSupportModulesInManaged (4ms)
				SetLoadedEditorAssemblies (0ms)
				RefreshPlugins (1ms)
				BeforeProcessingInitializeOnLoad (57ms)
				ProcessInitializeOnLoadAttributes (366ms)
				ProcessInitializeOnLoadMethodAttributes (56ms)
				AfterProcessingInitializeOnLoad (6ms)
				EditorAssembliesLoaded (0ms)
			ExecutionOrderSort2 (0ms)
			AwakeInstancesAfterBackupRestoration (10ms)
Platform modules already initialized, skipping
Refreshing native plugins compatible for Editor in 2.44 ms, found 3 plugins.
Preloading 0 native plugins for Editor in 0.00 ms.
Unloading 3047 Unused Serialized files (Serialized files now loaded: 0)
Unloading 15 unused Assets / (22.0 KB). Loaded Objects now: 3708.
Memory consumption went from 112.6 MB to 112.6 MB.
Total: 3.164900 ms (FindLiveObjects: 0.430900 ms CreateObjectMapping: 0.244600 ms MarkObjects: 2.383500 ms  DeleteObjects: 0.104300 ms)

AssetImportParameters requested are different than current active one (requested -> active):
  custom:video-decoder-ogg-theora: a1e56fd34408186e4bbccfd4996cb3dc -> 
  custom:container-muxer-webm: aa71ff27fc2769a1b78a27578f13a17b -> 
  custom:container-demuxer-webm: 4f35f7cbe854078d1ac9338744f61a02 -> 
  custom:video-encoder-webm-vp8: eb34c28f22e8b96e1ab97ce403110664 -> 
  custom:CustomObjectIndexerAttribute: bc11b3a6c3213fcdd17b65e7da85e133 -> 
  custom:audio-encoder-webm-vorbis: bf7c407c2cedff20999df2af8eb42d56 -> 
  custom:framework-win-MediaFoundation: 216162199b28c13a410421893ffa2e32 -> 
  custom:container-demuxer-ogg: 62fdf1f143b41e24485cea50d1cbac27 -> 
  custom:video-decoder-webm-vp8: 9c59270c3fd7afecdb556c50c9e8de78 -> 
  custom:audio-decoder-ogg-vorbis: bf7c407c2cedff20999df2af8eb42d56 -> 
========================================================================
Received Import Request.
  Time since last request: 5.996079 seconds.
  path: Assets/Prefabs/T.prefab
  artifactKey: Guid(117148f26daa5054494a03441abcb45f) Importer(815301076,1909f56bfc062723c751e8b465ee728b)
Start importing Assets/Prefabs/T.prefab using Guid(117148f26daa5054494a03441abcb45f) Importer(815301076,1909f56bfc062723c751e8b465ee728b)  -> (artifact id: '6ad24a5048598efe7abfadbd435b8a38') in 0.102123 seconds 
========================================================================
Received Import Request.
  Time since last request: 2.107508 seconds.
  path: Assets/Prefabs/T.prefab
  artifactKey: Guid(117148f26daa5054494a03441abcb45f) Importer(815301076,1909f56bfc062723c751e8b465ee728b)
Start importing Assets/Prefabs/T.prefab using Guid(117148f26daa5054494a03441abcb45f) Importer(815301076,1909f56bfc062723c751e8b465ee728b)  -> (artifact id: 'aad4c43717497a04b39588f48cec1dee') in 0.025814 seconds 
========================================================================
Received Prepare
Registering precompiled user dll's ...
Registered in 0.004624 seconds.
Begin MonoManager ReloadAssembly
Symbol file LoadedFromMemory doesn't match image D:\unity\KursyRougeLike\Library\PackageCache\com.unity.visualscripting@1.8.0\Editor\VisualScripting.Core\Dependencies\YamlDotNet\Unity.VisualScripting.YamlDotNet.dll
Symbol file LoadedFromMemory doesn't match image D:\unity\KursyRougeLike\Library\PackageCache\com.unity.visualscripting@1.8.0\Editor\VisualScripting.Core\Dependencies\DotNetZip\Unity.VisualScripting.IonicZip.dll
Native extension for WindowsStandalone target not found
Refreshing native plugins compatible for Editor in 0.57 ms, found 3 plugins.
Preloading 0 native plugins for Editor in 0.00 ms.
Mono: successfully reloaded assembly
- Completed reload, in  1.166 seconds
Domain Reload Profiling:
	ReloadAssembly (1167ms)
		BeginReloadAssembly (147ms)
			ExecutionOrderSort (0ms)
			DisableScriptedObjects (5ms)
			BackupInstance (0ms)
			ReleaseScriptingObjects (0ms)
			CreateAndSetChildDomain (32ms)
		EndReloadAssembly (924ms)
			LoadAssemblies (99ms)
			RebuildTransferFunctionScriptingTraits (0ms)
			SetupTypeCache (299ms)
			ReleaseScriptCaches (1ms)
			RebuildScriptCaches (48ms)
			SetupLoadedEditorAssemblies (419ms)
				LogAssemblyErrors (0ms)
				InitializePlatformSupportModulesInManaged (5ms)
				SetLoadedEditorAssemblies (1ms)
				RefreshPlugins (1ms)
				BeforeProcessingInitializeOnLoad (58ms)
				ProcessInitializeOnLoadAttributes (322ms)
				ProcessInitializeOnLoadMethodAttributes (29ms)
				AfterProcessingInitializeOnLoad (4ms)
				EditorAssembliesLoaded (0ms)
			ExecutionOrderSort2 (0ms)
			AwakeInstancesAfterBackupRestoration (11ms)
Platform modules already initialized, skipping
Refreshing native plugins compatible for Editor in 1.30 ms, found 3 plugins.
Preloading 0 native plugins for Editor in 0.00 ms.
Unloading 3047 Unused Serialized files (Serialized files now loaded: 0)
Unloading 15 unused Assets / (22.0 KB). Loaded Objects now: 3711.
Memory consumption went from 112.6 MB to 112.6 MB.
Total: 2.585500 ms (FindLiveObjects: 0.307700 ms CreateObjectMapping: 0.168100 ms MarkObjects: 2.084400 ms  DeleteObjects: 0.022800 ms)

AssetImportParameters requested are different than current active one (requested -> active):
  custom:video-decoder-ogg-theora: a1e56fd34408186e4bbccfd4996cb3dc -> 
  custom:container-muxer-webm: aa71ff27fc2769a1b78a27578f13a17b -> 
  custom:container-demuxer-webm: 4f35f7cbe854078d1ac9338744f61a02 -> 
  custom:video-encoder-webm-vp8: eb34c28f22e8b96e1ab97ce403110664 -> 
  custom:CustomObjectIndexerAttribute: bc11b3a6c3213fcdd17b65e7da85e133 -> 
  custom:audio-encoder-webm-vorbis: bf7c407c2cedff20999df2af8eb42d56 -> 
  custom:framework-win-MediaFoundation: 216162199b28c13a410421893ffa2e32 -> 
  custom:container-demuxer-ogg: 62fdf1f143b41e24485cea50d1cbac27 -> 
  custom:video-decoder-webm-vp8: 9c59270c3fd7afecdb556c50c9e8de78 -> 
  custom:audio-decoder-ogg-vorbis: bf7c407c2cedff20999df2af8eb42d56 -> 
========================================================================
Received Prepare
Registering precompiled user dll's ...
Registered in 0.003254 seconds.
Begin MonoManager ReloadAssembly
Symbol file LoadedFromMemory doesn't match image D:\unity\KursyRougeLike\Library\PackageCache\com.unity.visualscripting@1.8.0\Editor\VisualScripting.Core\Dependencies\YamlDotNet\Unity.VisualScripting.YamlDotNet.dll
Symbol file LoadedFromMemory doesn't match image D:\unity\KursyRougeLike\Library\PackageCache\com.unity.visualscripting@1.8.0\Editor\VisualScripting.Core\Dependencies\DotNetZip\Unity.VisualScripting.IonicZip.dll
Native extension for WindowsStandalone target not found
Refreshing native plugins compatible for Editor in 0.45 ms, found 3 plugins.
Preloading 0 native plugins for Editor in 0.00 ms.
Mono: successfully reloaded assembly
- Completed reload, in  1.133 seconds
Domain Reload Profiling:
	ReloadAssembly (1134ms)
		BeginReloadAssembly (144ms)
			ExecutionOrderSort (0ms)
			DisableScriptedObjects (6ms)
			BackupInstance (0ms)
			ReleaseScriptingObjects (0ms)
			CreateAndSetChildDomain (33ms)
		EndReloadAssembly (896ms)
			LoadAssemblies (90ms)
			RebuildTransferFunctionScriptingTraits (0ms)
			SetupTypeCache (299ms)
			ReleaseScriptCaches (11ms)
			RebuildScriptCaches (48ms)
			SetupLoadedEditorAssemblies (391ms)
				LogAssemblyErrors (0ms)
				InitializePlatformSupportModulesInManaged (4ms)
				SetLoadedEditorAssemblies (0ms)
				RefreshPlugins (1ms)
				BeforeProcessingInitializeOnLoad (54ms)
				ProcessInitializeOnLoadAttributes (304ms)
				ProcessInitializeOnLoadMethodAttributes (23ms)
				AfterProcessingInitializeOnLoad (4ms)
				EditorAssembliesLoaded (0ms)
			ExecutionOrderSort2 (0ms)
			AwakeInstancesAfterBackupRestoration (17ms)
Platform modules already initialized, skipping
Refreshing native plugins compatible for Editor in 1.82 ms, found 3 plugins.
Preloading 0 native plugins for Editor in 0.00 ms.
Unloading 3047 Unused Serialized files (Serialized files now loaded: 0)
Unloading 15 unused Assets / (21.9 KB). Loaded Objects now: 3714.
Memory consumption went from 112.6 MB to 112.6 MB.
Total: 3.081100 ms (FindLiveObjects: 0.267400 ms CreateObjectMapping: 0.225700 ms MarkObjects: 2.562700 ms  DeleteObjects: 0.024000 ms)

AssetImportParameters requested are different than current active one (requested -> active):
  custom:video-decoder-ogg-theora: a1e56fd34408186e4bbccfd4996cb3dc -> 
  custom:container-muxer-webm: aa71ff27fc2769a1b78a27578f13a17b -> 
  custom:container-demuxer-webm: 4f35f7cbe854078d1ac9338744f61a02 -> 
  custom:video-encoder-webm-vp8: eb34c28f22e8b96e1ab97ce403110664 -> 
  custom:CustomObjectIndexerAttribute: bc11b3a6c3213fcdd17b65e7da85e133 -> 
  custom:audio-encoder-webm-vorbis: bf7c407c2cedff20999df2af8eb42d56 -> 
  custom:framework-win-MediaFoundation: 216162199b28c13a410421893ffa2e32 -> 
  custom:container-demuxer-ogg: 62fdf1f143b41e24485cea50d1cbac27 -> 
  custom:video-decoder-webm-vp8: 9c59270c3fd7afecdb556c50c9e8de78 -> 
  custom:audio-decoder-ogg-vorbis: bf7c407c2cedff20999df2af8eb42d56 -> 
========================================================================
Received Prepare
Registering precompiled user dll's ...
Registered in 0.003237 seconds.
Begin MonoManager ReloadAssembly
Symbol file LoadedFromMemory doesn't match image D:\unity\KursyRougeLike\Library\PackageCache\com.unity.visualscripting@1.8.0\Editor\VisualScripting.Core\Dependencies\YamlDotNet\Unity.VisualScripting.YamlDotNet.dll
Symbol file LoadedFromMemory doesn't match image D:\unity\KursyRougeLike\Library\PackageCache\com.unity.visualscripting@1.8.0\Editor\VisualScripting.Core\Dependencies\DotNetZip\Unity.VisualScripting.IonicZip.dll
Native extension for WindowsStandalone target not found
Refreshing native plugins compatible for Editor in 0.64 ms, found 3 plugins.
Preloading 0 native plugins for Editor in 0.00 ms.
Mono: successfully reloaded assembly
- Completed reload, in  1.146 seconds
Domain Reload Profiling:
	ReloadAssembly (1147ms)
		BeginReloadAssembly (145ms)
			ExecutionOrderSort (0ms)
			DisableScriptedObjects (8ms)
			BackupInstance (0ms)
			ReleaseScriptingObjects (0ms)
			CreateAndSetChildDomain (34ms)
		EndReloadAssembly (905ms)
			LoadAssemblies (91ms)
			RebuildTransferFunctionScriptingTraits (0ms)
			SetupTypeCache (309ms)
			ReleaseScriptCaches (1ms)
			RebuildScriptCaches (46ms)
			SetupLoadedEditorAssemblies (377ms)
				LogAssemblyErrors (0ms)
				InitializePlatformSupportModulesInManaged (5ms)
				SetLoadedEditorAssemblies (1ms)
				RefreshPlugins (1ms)
				BeforeProcessingInitializeOnLoad (68ms)
				ProcessInitializeOnLoadAttributes (253ms)
				ProcessInitializeOnLoadMethodAttributes (44ms)
				AfterProcessingInitializeOnLoad (5ms)
				EditorAssembliesLoaded (0ms)
			ExecutionOrderSort2 (0ms)
			AwakeInstancesAfterBackupRestoration (24ms)
Platform modules already initialized, skipping
Refreshing native plugins compatible for Editor in 2.38 ms, found 3 plugins.
Preloading 0 native plugins for Editor in 0.00 ms.
Unloading 3047 Unused Serialized files (Serialized files now loaded: 0)
Unloading 15 unused Assets / (22.0 KB). Loaded Objects now: 3717.
Memory consumption went from 112.6 MB to 112.6 MB.
Total: 4.143300 ms (FindLiveObjects: 0.344600 ms CreateObjectMapping: 0.241400 ms MarkObjects: 3.531400 ms  DeleteObjects: 0.025000 ms)

AssetImportParameters requested are different than current active one (requested -> active):
  custom:video-decoder-ogg-theora: a1e56fd34408186e4bbccfd4996cb3dc -> 
  custom:container-muxer-webm: aa71ff27fc2769a1b78a27578f13a17b -> 
  custom:container-demuxer-webm: 4f35f7cbe854078d1ac9338744f61a02 -> 
  custom:video-encoder-webm-vp8: eb34c28f22e8b96e1ab97ce403110664 -> 
  custom:CustomObjectIndexerAttribute: bc11b3a6c3213fcdd17b65e7da85e133 -> 
  custom:audio-encoder-webm-vorbis: bf7c407c2cedff20999df2af8eb42d56 -> 
  custom:framework-win-MediaFoundation: 216162199b28c13a410421893ffa2e32 -> 
  custom:container-demuxer-ogg: 62fdf1f143b41e24485cea50d1cbac27 -> 
  custom:video-decoder-webm-vp8: 9c59270c3fd7afecdb556c50c9e8de78 -> 
  custom:audio-decoder-ogg-vorbis: bf7c407c2cedff20999df2af8eb42d56 -> 
========================================================================
Received Import Request.
  Time since last request: 53.129180 seconds.
  path: Assets/Scenes/Rooms.unity
  artifactKey: Guid(5adaa96b181930e4da3fc8e4798162b1) Importer(815301076,1909f56bfc062723c751e8b465ee728b)
Start importing Assets/Scenes/Rooms.unity using Guid(5adaa96b181930e4da3fc8e4798162b1) Importer(815301076,1909f56bfc062723c751e8b465ee728b)  -> (artifact id: 'a3c579f3c9ab50edd0029407a07a9517') in 0.008863 seconds 
========================================================================
Received Prepare
Registering precompiled user dll's ...
Registered in 0.003487 seconds.
Begin MonoManager ReloadAssembly
Symbol file LoadedFromMemory doesn't match image D:\unity\KursyRougeLike\Library\PackageCache\com.unity.visualscripting@1.8.0\Editor\VisualScripting.Core\Dependencies\YamlDotNet\Unity.VisualScripting.YamlDotNet.dll
Symbol file LoadedFromMemory doesn't match image D:\unity\KursyRougeLike\Library\PackageCache\com.unity.visualscripting@1.8.0\Editor\VisualScripting.Core\Dependencies\DotNetZip\Unity.VisualScripting.IonicZip.dll
Native extension for WindowsStandalone target not found
Refreshing native plugins compatible for Editor in 0.68 ms, found 3 plugins.
Preloading 0 native plugins for Editor in 0.00 ms.
Mono: successfully reloaded assembly
- Completed reload, in  1.093 seconds
Domain Reload Profiling:
	ReloadAssembly (1093ms)
		BeginReloadAssembly (146ms)
			ExecutionOrderSort (0ms)
			DisableScriptedObjects (6ms)
			BackupInstance (0ms)
			ReleaseScriptingObjects (0ms)
			CreateAndSetChildDomain (33ms)
		EndReloadAssembly (848ms)
			LoadAssemblies (101ms)
			RebuildTransferFunctionScriptingTraits (0ms)
			SetupTypeCache (288ms)
			ReleaseScriptCaches (1ms)
			RebuildScriptCaches (49ms)
			SetupLoadedEditorAssemblies (349ms)
				LogAssemblyErrors (0ms)
				InitializePlatformSupportModulesInManaged (4ms)
				SetLoadedEditorAssemblies (0ms)
				RefreshPlugins (1ms)
				BeforeProcessingInitializeOnLoad (65ms)
				ProcessInitializeOnLoadAttributes (254ms)
				ProcessInitializeOnLoadMethodAttributes (21ms)
				AfterProcessingInitializeOnLoad (3ms)
				EditorAssembliesLoaded (0ms)
			ExecutionOrderSort2 (0ms)
			AwakeInstancesAfterBackupRestoration (8ms)
Platform modules already initialized, skipping
Refreshing native plugins compatible for Editor in 1.69 ms, found 3 plugins.
Preloading 0 native plugins for Editor in 0.00 ms.
Unloading 3047 Unused Serialized files (Serialized files now loaded: 0)
Unloading 15 unused Assets / (22.1 KB). Loaded Objects now: 3720.
Memory consumption went from 112.6 MB to 112.6 MB.
Total: 3.766000 ms (FindLiveObjects: 0.317400 ms CreateObjectMapping: 0.186400 ms MarkObjects: 3.207200 ms  DeleteObjects: 0.053800 ms)

AssetImportParameters requested are different than current active one (requested -> active):
  custom:video-decoder-ogg-theora: a1e56fd34408186e4bbccfd4996cb3dc -> 
  custom:container-muxer-webm: aa71ff27fc2769a1b78a27578f13a17b -> 
  custom:container-demuxer-webm: 4f35f7cbe854078d1ac9338744f61a02 -> 
  custom:video-encoder-webm-vp8: eb34c28f22e8b96e1ab97ce403110664 -> 
  custom:CustomObjectIndexerAttribute: bc11b3a6c3213fcdd17b65e7da85e133 -> 
  custom:audio-encoder-webm-vorbis: bf7c407c2cedff20999df2af8eb42d56 -> 
  custom:framework-win-MediaFoundation: 216162199b28c13a410421893ffa2e32 -> 
  custom:container-demuxer-ogg: 62fdf1f143b41e24485cea50d1cbac27 -> 
  custom:video-decoder-webm-vp8: 9c59270c3fd7afecdb556c50c9e8de78 -> 
  custom:audio-decoder-ogg-vorbis: bf7c407c2cedff20999df2af8eb42d56 -> 
========================================================================
Received Prepare
Registering precompiled user dll's ...
Registered in 0.003763 seconds.
Begin MonoManager ReloadAssembly
Symbol file LoadedFromMemory doesn't match image D:\unity\KursyRougeLike\Library\PackageCache\com.unity.visualscripting@1.8.0\Editor\VisualScripting.Core\Dependencies\YamlDotNet\Unity.VisualScripting.YamlDotNet.dll
Symbol file LoadedFromMemory doesn't match image D:\unity\KursyRougeLike\Library\PackageCache\com.unity.visualscripting@1.8.0\Editor\VisualScripting.Core\Dependencies\DotNetZip\Unity.VisualScripting.IonicZip.dll
Native extension for WindowsStandalone target not found
Refreshing native plugins compatible for Editor in 0.72 ms, found 3 plugins.
Preloading 0 native plugins for Editor in 0.00 ms.
Mono: successfully reloaded assembly
- Completed reload, in  1.310 seconds
Domain Reload Profiling:
	ReloadAssembly (1311ms)
		BeginReloadAssembly (152ms)
			ExecutionOrderSort (0ms)
			DisableScriptedObjects (7ms)
			BackupInstance (0ms)
			ReleaseScriptingObjects (0ms)
			CreateAndSetChildDomain (35ms)
		EndReloadAssembly (1057ms)
			LoadAssemblies (88ms)
			RebuildTransferFunctionScriptingTraits (0ms)
			SetupTypeCache (302ms)
			ReleaseScriptCaches (1ms)
			RebuildScriptCaches (62ms)
			SetupLoadedEditorAssemblies (530ms)
				LogAssemblyErrors (0ms)
				InitializePlatformSupportModulesInManaged (6ms)
				SetLoadedEditorAssemblies (1ms)
				RefreshPlugins (1ms)
				BeforeProcessingInitializeOnLoad (77ms)
				ProcessInitializeOnLoadAttributes (409ms)
				ProcessInitializeOnLoadMethodAttributes (33ms)
				AfterProcessingInitializeOnLoad (5ms)
				EditorAssembliesLoaded (0ms)
			ExecutionOrderSort2 (0ms)
			AwakeInstancesAfterBackupRestoration (10ms)
Platform modules already initialized, skipping
Refreshing native plugins compatible for Editor in 1.75 ms, found 3 plugins.
Preloading 0 native plugins for Editor in 0.00 ms.
Unloading 3047 Unused Serialized files (Serialized files now loaded: 0)
Unloading 15 unused Assets / (22.0 KB). Loaded Objects now: 3723.
Memory consumption went from 112.6 MB to 112.6 MB.
Total: 4.952700 ms (FindLiveObjects: 0.388900 ms CreateObjectMapping: 0.273000 ms MarkObjects: 4.263800 ms  DeleteObjects: 0.026000 ms)

AssetImportParameters requested are different than current active one (requested -> active):
  custom:video-decoder-ogg-theora: a1e56fd34408186e4bbccfd4996cb3dc -> 
  custom:container-muxer-webm: aa71ff27fc2769a1b78a27578f13a17b -> 
  custom:container-demuxer-webm: 4f35f7cbe854078d1ac9338744f61a02 -> 
  custom:video-encoder-webm-vp8: eb34c28f22e8b96e1ab97ce403110664 -> 
  custom:CustomObjectIndexerAttribute: bc11b3a6c3213fcdd17b65e7da85e133 -> 
  custom:audio-encoder-webm-vorbis: bf7c407c2cedff20999df2af8eb42d56 -> 
  custom:framework-win-MediaFoundation: 216162199b28c13a410421893ffa2e32 -> 
  custom:container-demuxer-ogg: 62fdf1f143b41e24485cea50d1cbac27 -> 
  custom:video-decoder-webm-vp8: 9c59270c3fd7afecdb556c50c9e8de78 -> 
  custom:audio-decoder-ogg-vorbis: bf7c407c2cedff20999df2af8eb42d56 -> 
========================================================================
Received Import Request.
  Time since last request: 175.875929 seconds.
  path: Assets/Prefabs/+.prefab
  artifactKey: Guid(e9ebbcf1cdd991d449ac45eb48b39697) Importer(815301076,1909f56bfc062723c751e8b465ee728b)
Start importing Assets/Prefabs/+.prefab using Guid(e9ebbcf1cdd991d449ac45eb48b39697) Importer(815301076,1909f56bfc062723c751e8b465ee728b)  -> (artifact id: 'ae7b2a940d49cd473a95fe7ca1d90a46') in 0.110741 seconds 
========================================================================
Received Prepare
Registering precompiled user dll's ...
Registered in 0.003845 seconds.
Begin MonoManager ReloadAssembly
Symbol file LoadedFromMemory doesn't match image D:\unity\KursyRougeLike\Library\PackageCache\com.unity.visualscripting@1.8.0\Editor\VisualScripting.Core\Dependencies\YamlDotNet\Unity.VisualScripting.YamlDotNet.dll
Symbol file LoadedFromMemory doesn't match image D:\unity\KursyRougeLike\Library\PackageCache\com.unity.visualscripting@1.8.0\Editor\VisualScripting.Core\Dependencies\DotNetZip\Unity.VisualScripting.IonicZip.dll
Native extension for WindowsStandalone target not found
Refreshing native plugins compatible for Editor in 0.49 ms, found 3 plugins.
Preloading 0 native plugins for Editor in 0.00 ms.
Mono: successfully reloaded assembly
- Completed reload, in  1.303 seconds
Domain Reload Profiling:
	ReloadAssembly (1303ms)
		BeginReloadAssembly (150ms)
			ExecutionOrderSort (0ms)
			DisableScriptedObjects (5ms)
			BackupInstance (0ms)
			ReleaseScriptingObjects (0ms)
			CreateAndSetChildDomain (34ms)
		EndReloadAssembly (1064ms)
			LoadAssemblies (107ms)
			RebuildTransferFunctionScriptingTraits (0ms)
			SetupTypeCache (415ms)
			ReleaseScriptCaches (1ms)
			RebuildScriptCaches (75ms)
			SetupLoadedEditorAssemblies (389ms)
				LogAssemblyErrors (0ms)
				InitializePlatformSupportModulesInManaged (6ms)
				SetLoadedEditorAssemblies (1ms)
				RefreshPlugins (1ms)
				BeforeProcessingInitializeOnLoad (71ms)
				ProcessInitializeOnLoadAttributes (264ms)
				ProcessInitializeOnLoadMethodAttributes (43ms)
				AfterProcessingInitializeOnLoad (4ms)
				EditorAssembliesLoaded (0ms)
			ExecutionOrderSort2 (0ms)
			AwakeInstancesAfterBackupRestoration (9ms)
Platform modules already initialized, skipping
Refreshing native plugins compatible for Editor in 1.72 ms, found 3 plugins.
Preloading 0 native plugins for Editor in 0.00 ms.
Unloading 3047 Unused Serialized files (Serialized files now loaded: 0)
Unloading 15 unused Assets / (22.0 KB). Loaded Objects now: 3726.
Memory consumption went from 112.6 MB to 112.6 MB.
Total: 7.338500 ms (FindLiveObjects: 1.197400 ms CreateObjectMapping: 0.281100 ms MarkObjects: 5.834100 ms  DeleteObjects: 0.024800 ms)

AssetImportParameters requested are different than current active one (requested -> active):
  custom:video-decoder-ogg-theora: a1e56fd34408186e4bbccfd4996cb3dc -> 
  custom:container-muxer-webm: aa71ff27fc2769a1b78a27578f13a17b -> 
  custom:container-demuxer-webm: 4f35f7cbe854078d1ac9338744f61a02 -> 
  custom:video-encoder-webm-vp8: eb34c28f22e8b96e1ab97ce403110664 -> 
  custom:CustomObjectIndexerAttribute: bc11b3a6c3213fcdd17b65e7da85e133 -> 
  custom:audio-encoder-webm-vorbis: bf7c407c2cedff20999df2af8eb42d56 -> 
  custom:framework-win-MediaFoundation: 216162199b28c13a410421893ffa2e32 -> 
  custom:container-demuxer-ogg: 62fdf1f143b41e24485cea50d1cbac27 -> 
  custom:video-decoder-webm-vp8: 9c59270c3fd7afecdb556c50c9e8de78 -> 
  custom:audio-decoder-ogg-vorbis: bf7c407c2cedff20999df2af8eb42d56 -> 
========================================================================
Received Prepare
Registering precompiled user dll's ...
Registered in 0.003497 seconds.
Begin MonoManager ReloadAssembly
Symbol file LoadedFromMemory doesn't match image D:\unity\KursyRougeLike\Library\PackageCache\com.unity.visualscripting@1.8.0\Editor\VisualScripting.Core\Dependencies\YamlDotNet\Unity.VisualScripting.YamlDotNet.dll
Symbol file LoadedFromMemory doesn't match image D:\unity\KursyRougeLike\Library\PackageCache\com.unity.visualscripting@1.8.0\Editor\VisualScripting.Core\Dependencies\DotNetZip\Unity.VisualScripting.IonicZip.dll
Native extension for WindowsStandalone target not found
Refreshing native plugins compatible for Editor in 0.66 ms, found 3 plugins.
Preloading 0 native plugins for Editor in 0.00 ms.
Mono: successfully reloaded assembly
- Completed reload, in  1.390 seconds
Domain Reload Profiling:
	ReloadAssembly (1391ms)
		BeginReloadAssembly (173ms)
			ExecutionOrderSort (0ms)
			DisableScriptedObjects (5ms)
			BackupInstance (0ms)
			ReleaseScriptingObjects (0ms)
			CreateAndSetChildDomain (34ms)
		EndReloadAssembly (1114ms)
			LoadAssemblies (113ms)
			RebuildTransferFunctionScriptingTraits (0ms)
			SetupTypeCache (346ms)
			ReleaseScriptCaches (1ms)
			RebuildScriptCaches (70ms)
			SetupLoadedEditorAssemblies (517ms)
				LogAssemblyErrors (0ms)
				InitializePlatformSupportModulesInManaged (7ms)
				SetLoadedEditorAssemblies (1ms)
				RefreshPlugins (1ms)
				BeforeProcessingInitializeOnLoad (105ms)
				ProcessInitializeOnLoadAttributes (367ms)
				ProcessInitializeOnLoadMethodAttributes (32ms)
				AfterProcessingInitializeOnLoad (4ms)
				EditorAssembliesLoaded (0ms)
			ExecutionOrderSort2 (0ms)
			AwakeInstancesAfterBackupRestoration (10ms)
Platform modules already initialized, skipping
Refreshing native plugins compatible for Editor in 2.17 ms, found 3 plugins.
Preloading 0 native plugins for Editor in 0.00 ms.
Unloading 3047 Unused Serialized files (Serialized files now loaded: 0)
Unloading 15 unused Assets / (22.0 KB). Loaded Objects now: 3729.
Memory consumption went from 112.6 MB to 112.6 MB.
Total: 3.656000 ms (FindLiveObjects: 0.760900 ms CreateObjectMapping: 0.283700 ms MarkObjects: 2.572700 ms  DeleteObjects: 0.037300 ms)

AssetImportParameters requested are different than current active one (requested -> active):
  custom:video-decoder-ogg-theora: a1e56fd34408186e4bbccfd4996cb3dc -> 
  custom:container-muxer-webm: aa71ff27fc2769a1b78a27578f13a17b -> 
  custom:container-demuxer-webm: 4f35f7cbe854078d1ac9338744f61a02 -> 
  custom:video-encoder-webm-vp8: eb34c28f22e8b96e1ab97ce403110664 -> 
  custom:CustomObjectIndexerAttribute: bc11b3a6c3213fcdd17b65e7da85e133 -> 
  custom:audio-encoder-webm-vorbis: bf7c407c2cedff20999df2af8eb42d56 -> 
  custom:framework-win-MediaFoundation: 216162199b28c13a410421893ffa2e32 -> 
  custom:container-demuxer-ogg: 62fdf1f143b41e24485cea50d1cbac27 -> 
  custom:video-decoder-webm-vp8: 9c59270c3fd7afecdb556c50c9e8de78 -> 
  custom:audio-decoder-ogg-vorbis: bf7c407c2cedff20999df2af8eb42d56 -> 
========================================================================
Received Import Request.
  Time since last request: 490.267325 seconds.
  path: Assets/Scripts/DungeonGenerator.cs
  artifactKey: Guid(0efc98f789c32c04aa7e3ab3fddec655) Importer(815301076,1909f56bfc062723c751e8b465ee728b)
Start importing Assets/Scripts/DungeonGenerator.cs using Guid(0efc98f789c32c04aa7e3ab3fddec655) Importer(815301076,1909f56bfc062723c751e8b465ee728b)  -> (artifact id: 'b6c737ad906a9b53afc0fb1b0b5fb442') in 0.030973 seconds 
========================================================================
Received Prepare
Registering precompiled user dll's ...
Registered in 0.004622 seconds.
Begin MonoManager ReloadAssembly
Symbol file LoadedFromMemory doesn't match image D:\unity\KursyRougeLike\Library\PackageCache\com.unity.visualscripting@1.8.0\Editor\VisualScripting.Core\Dependencies\YamlDotNet\Unity.VisualScripting.YamlDotNet.dll
Symbol file LoadedFromMemory doesn't match image D:\unity\KursyRougeLike\Library\PackageCache\com.unity.visualscripting@1.8.0\Editor\VisualScripting.Core\Dependencies\DotNetZip\Unity.VisualScripting.IonicZip.dll
Native extension for WindowsStandalone target not found
Refreshing native plugins compatible for Editor in 0.45 ms, found 3 plugins.
Preloading 0 native plugins for Editor in 0.00 ms.
Mono: successfully reloaded assembly
- Completed reload, in  1.776 seconds
Domain Reload Profiling:
	ReloadAssembly (1777ms)
		BeginReloadAssembly (165ms)
			ExecutionOrderSort (0ms)
			DisableScriptedObjects (7ms)
			BackupInstance (0ms)
			ReleaseScriptingObjects (0ms)
			CreateAndSetChildDomain (36ms)
		EndReloadAssembly (1259ms)
			LoadAssemblies (121ms)
			RebuildTransferFunctionScriptingTraits (0ms)
			SetupTypeCache (692ms)
			ReleaseScriptCaches (1ms)
			RebuildScriptCaches (65ms)
			SetupLoadedEditorAssemblies (352ms)
				LogAssemblyErrors (0ms)
				InitializePlatformSupportModulesInManaged (5ms)
				SetLoadedEditorAssemblies (0ms)
				RefreshPlugins (1ms)
				BeforeProcessingInitializeOnLoad (61ms)
				ProcessInitializeOnLoadAttributes (241ms)
				ProcessInitializeOnLoadMethodAttributes (42ms)
				AfterProcessingInitializeOnLoad (3ms)
				EditorAssembliesLoaded (0ms)
			ExecutionOrderSort2 (0ms)
			AwakeInstancesAfterBackupRestoration (9ms)
Platform modules already initialized, skipping
Refreshing native plugins compatible for Editor in 1.70 ms, found 3 plugins.
Preloading 0 native plugins for Editor in 0.00 ms.
Unloading 3047 Unused Serialized files (Serialized files now loaded: 0)
Unloading 15 unused Assets / (22.0 KB). Loaded Objects now: 3732.
Memory consumption went from 112.6 MB to 112.6 MB.
Total: 2.883000 ms (FindLiveObjects: 0.277700 ms CreateObjectMapping: 0.143600 ms MarkObjects: 2.437200 ms  DeleteObjects: 0.023300 ms)

AssetImportParameters requested are different than current active one (requested -> active):
  custom:video-decoder-ogg-theora: a1e56fd34408186e4bbccfd4996cb3dc -> 
  custom:container-muxer-webm: aa71ff27fc2769a1b78a27578f13a17b -> 
  custom:container-demuxer-webm: 4f35f7cbe854078d1ac9338744f61a02 -> 
  custom:video-encoder-webm-vp8: eb34c28f22e8b96e1ab97ce403110664 -> 
  custom:CustomObjectIndexerAttribute: bc11b3a6c3213fcdd17b65e7da85e133 -> 
  custom:audio-encoder-webm-vorbis: bf7c407c2cedff20999df2af8eb42d56 -> 
  custom:framework-win-MediaFoundation: 216162199b28c13a410421893ffa2e32 -> 
  custom:container-demuxer-ogg: 62fdf1f143b41e24485cea50d1cbac27 -> 
  custom:video-decoder-webm-vp8: 9c59270c3fd7afecdb556c50c9e8de78 -> 
  custom:audio-decoder-ogg-vorbis: bf7c407c2cedff20999df2af8eb42d56 -> 
========================================================================
Received Import Request.
  Time since last request: 565.687218 seconds.
  path: Assets/Scripts/DungeonGenerator.cs
  artifactKey: Guid(0efc98f789c32c04aa7e3ab3fddec655) Importer(815301076,1909f56bfc062723c751e8b465ee728b)
Start importing Assets/Scripts/DungeonGenerator.cs using Guid(0efc98f789c32c04aa7e3ab3fddec655) Importer(815301076,1909f56bfc062723c751e8b465ee728b)  -> (artifact id: 'fdc3100171d7163bfa2b565c5ce35e7b') in 0.014892 seconds 
========================================================================
Received Prepare
Registering precompiled user dll's ...
Registered in 0.003687 seconds.
Begin MonoManager ReloadAssembly
Symbol file LoadedFromMemory doesn't match image D:\unity\KursyRougeLike\Library\PackageCache\com.unity.visualscripting@1.8.0\Editor\VisualScripting.Core\Dependencies\YamlDotNet\Unity.VisualScripting.YamlDotNet.dll
Symbol file LoadedFromMemory doesn't match image D:\unity\KursyRougeLike\Library\PackageCache\com.unity.visualscripting@1.8.0\Editor\VisualScripting.Core\Dependencies\DotNetZip\Unity.VisualScripting.IonicZip.dll
Native extension for WindowsStandalone target not found
Refreshing native plugins compatible for Editor in 0.58 ms, found 3 plugins.
Preloading 0 native plugins for Editor in 0.00 ms.
Mono: successfully reloaded assembly
- Completed reload, in  1.379 seconds
Domain Reload Profiling:
	ReloadAssembly (1380ms)
		BeginReloadAssembly (145ms)
			ExecutionOrderSort (0ms)
			DisableScriptedObjects (6ms)
			BackupInstance (0ms)
			ReleaseScriptingObjects (0ms)
			CreateAndSetChildDomain (33ms)
		EndReloadAssembly (1140ms)
			LoadAssemblies (93ms)
			RebuildTransferFunctionScriptingTraits (0ms)
			SetupTypeCache (347ms)
			ReleaseScriptCaches (4ms)
			RebuildScriptCaches (143ms)
			SetupLoadedEditorAssemblies (457ms)
				LogAssemblyErrors (0ms)
				InitializePlatformSupportModulesInManaged (7ms)
				SetLoadedEditorAssemblies (1ms)
				RefreshPlugins (1ms)
				BeforeProcessingInitializeOnLoad (74ms)
				ProcessInitializeOnLoadAttributes (336ms)
				ProcessInitializeOnLoadMethodAttributes (33ms)
				AfterProcessingInitializeOnLoad (5ms)
				EditorAssembliesLoaded (0ms)
			ExecutionOrderSort2 (0ms)
			AwakeInstancesAfterBackupRestoration (12ms)
Platform modules already initialized, skipping
Refreshing native plugins compatible for Editor in 1.74 ms, found 3 plugins.
Preloading 0 native plugins for Editor in 0.00 ms.
Unloading 3047 Unused Serialized files (Serialized files now loaded: 0)
Unloading 15 unused Assets / (21.9 KB). Loaded Objects now: 3735.
Memory consumption went from 112.7 MB to 112.6 MB.
Total: 3.288900 ms (FindLiveObjects: 0.306600 ms CreateObjectMapping: 0.163300 ms MarkObjects: 2.744600 ms  DeleteObjects: 0.073500 ms)

AssetImportParameters requested are different than current active one (requested -> active):
  custom:video-decoder-ogg-theora: a1e56fd34408186e4bbccfd4996cb3dc -> 
  custom:container-muxer-webm: aa71ff27fc2769a1b78a27578f13a17b -> 
  custom:container-demuxer-webm: 4f35f7cbe854078d1ac9338744f61a02 -> 
  custom:video-encoder-webm-vp8: eb34c28f22e8b96e1ab97ce403110664 -> 
  custom:CustomObjectIndexerAttribute: bc11b3a6c3213fcdd17b65e7da85e133 -> 
  custom:audio-encoder-webm-vorbis: bf7c407c2cedff20999df2af8eb42d56 -> 
  custom:framework-win-MediaFoundation: 216162199b28c13a410421893ffa2e32 -> 
  custom:container-demuxer-ogg: 62fdf1f143b41e24485cea50d1cbac27 -> 
  custom:video-decoder-webm-vp8: 9c59270c3fd7afecdb556c50c9e8de78 -> 
  custom:audio-decoder-ogg-vorbis: bf7c407c2cedff20999df2af8eb42d56 -> 
========================================================================
Received Prepare
Registering precompiled user dll's ...
Registered in 0.003985 seconds.
Begin MonoManager ReloadAssembly
Symbol file LoadedFromMemory doesn't match image D:\unity\KursyRougeLike\Library\PackageCache\com.unity.visualscripting@1.8.0\Editor\VisualScripting.Core\Dependencies\YamlDotNet\Unity.VisualScripting.YamlDotNet.dll
Symbol file LoadedFromMemory doesn't match image D:\unity\KursyRougeLike\Library\PackageCache\com.unity.visualscripting@1.8.0\Editor\VisualScripting.Core\Dependencies\DotNetZip\Unity.VisualScripting.IonicZip.dll
Native extension for WindowsStandalone target not found
Refreshing native plugins compatible for Editor in 0.48 ms, found 3 plugins.
Preloading 0 native plugins for Editor in 0.00 ms.
Mono: successfully reloaded assembly
- Completed reload, in  1.209 seconds
Domain Reload Profiling:
	ReloadAssembly (1210ms)
		BeginReloadAssembly (147ms)
			ExecutionOrderSort (0ms)
			DisableScriptedObjects (6ms)
			BackupInstance (0ms)
			ReleaseScriptingObjects (0ms)
			CreateAndSetChildDomain (37ms)
		EndReloadAssembly (959ms)
			LoadAssemblies (94ms)
			RebuildTransferFunctionScriptingTraits (0ms)
			SetupTypeCache (308ms)
			ReleaseScriptCaches (1ms)
			RebuildScriptCaches (42ms)
			SetupLoadedEditorAssemblies (459ms)
				LogAssemblyErrors (0ms)
				InitializePlatformSupportModulesInManaged (7ms)
				SetLoadedEditorAssemblies (1ms)
				RefreshPlugins (1ms)
				BeforeProcessingInitializeOnLoad (65ms)
				ProcessInitializeOnLoadAttributes (336ms)
				ProcessInitializeOnLoadMethodAttributes (43ms)
				AfterProcessingInitializeOnLoad (7ms)
				EditorAssembliesLoaded (1ms)
			ExecutionOrderSort2 (0ms)
			AwakeInstancesAfterBackupRestoration (11ms)
Platform modules already initialized, skipping
Refreshing native plugins compatible for Editor in 1.89 ms, found 3 plugins.
Preloading 0 native plugins for Editor in 0.00 ms.
Unloading 3047 Unused Serialized files (Serialized files now loaded: 0)
Unloading 15 unused Assets / (22.0 KB). Loaded Objects now: 3738.
Memory consumption went from 112.7 MB to 112.6 MB.
Total: 4.280200 ms (FindLiveObjects: 0.277600 ms CreateObjectMapping: 0.169100 ms MarkObjects: 3.808900 ms  DeleteObjects: 0.022500 ms)

AssetImportParameters requested are different than current active one (requested -> active):
  custom:video-decoder-ogg-theora: a1e56fd34408186e4bbccfd4996cb3dc -> 
  custom:container-muxer-webm: aa71ff27fc2769a1b78a27578f13a17b -> 
  custom:container-demuxer-webm: 4f35f7cbe854078d1ac9338744f61a02 -> 
  custom:video-encoder-webm-vp8: eb34c28f22e8b96e1ab97ce403110664 -> 
  custom:CustomObjectIndexerAttribute: bc11b3a6c3213fcdd17b65e7da85e133 -> 
  custom:audio-encoder-webm-vorbis: bf7c407c2cedff20999df2af8eb42d56 -> 
  custom:framework-win-MediaFoundation: 216162199b28c13a410421893ffa2e32 -> 
  custom:container-demuxer-ogg: 62fdf1f143b41e24485cea50d1cbac27 -> 
  custom:video-decoder-webm-vp8: 9c59270c3fd7afecdb556c50c9e8de78 -> 
  custom:audio-decoder-ogg-vorbis: bf7c407c2cedff20999df2af8eb42d56 -> 
========================================================================
Received Prepare
Registering precompiled user dll's ...
Registered in 0.003183 seconds.
Begin MonoManager ReloadAssembly
Symbol file LoadedFromMemory doesn't match image D:\unity\KursyRougeLike\Library\PackageCache\com.unity.visualscripting@1.8.0\Editor\VisualScripting.Core\Dependencies\YamlDotNet\Unity.VisualScripting.YamlDotNet.dll
Symbol file LoadedFromMemory doesn't match image D:\unity\KursyRougeLike\Library\PackageCache\com.unity.visualscripting@1.8.0\Editor\VisualScripting.Core\Dependencies\DotNetZip\Unity.VisualScripting.IonicZip.dll
Native extension for WindowsStandalone target not found
Refreshing native plugins compatible for Editor in 0.59 ms, found 3 plugins.
Preloading 0 native plugins for Editor in 0.00 ms.
Mono: successfully reloaded assembly
- Completed reload, in  1.388 seconds
Domain Reload Profiling:
	ReloadAssembly (1389ms)
		BeginReloadAssembly (150ms)
			ExecutionOrderSort (0ms)
			DisableScriptedObjects (6ms)
			BackupInstance (0ms)
			ReleaseScriptingObjects (0ms)
			CreateAndSetChildDomain (37ms)
		EndReloadAssembly (1128ms)
			LoadAssemblies (101ms)
			RebuildTransferFunctionScriptingTraits (0ms)
			SetupTypeCache (376ms)
			ReleaseScriptCaches (4ms)
			RebuildScriptCaches (142ms)
			SetupLoadedEditorAssemblies (420ms)
				LogAssemblyErrors (0ms)
				InitializePlatformSupportModulesInManaged (5ms)
				SetLoadedEditorAssemblies (1ms)
				RefreshPlugins (1ms)
				BeforeProcessingInitializeOnLoad (91ms)
				ProcessInitializeOnLoadAttributes (278ms)
				ProcessInitializeOnLoadMethodAttributes (37ms)
				AfterProcessingInitializeOnLoad (7ms)
				EditorAssembliesLoaded (1ms)
			ExecutionOrderSort2 (0ms)
			AwakeInstancesAfterBackupRestoration (13ms)
Platform modules already initialized, skipping
Refreshing native plugins compatible for Editor in 2.14 ms, found 3 plugins.
Preloading 0 native plugins for Editor in 0.00 ms.
Unloading 3047 Unused Serialized files (Serialized files now loaded: 0)
Unloading 15 unused Assets / (22.0 KB). Loaded Objects now: 3741.
Memory consumption went from 112.7 MB to 112.6 MB.
Total: 3.945300 ms (FindLiveObjects: 0.530700 ms CreateObjectMapping: 0.227700 ms MarkObjects: 3.162400 ms  DeleteObjects: 0.023300 ms)

AssetImportParameters requested are different than current active one (requested -> active):
  custom:video-decoder-ogg-theora: a1e56fd34408186e4bbccfd4996cb3dc -> 
  custom:container-muxer-webm: aa71ff27fc2769a1b78a27578f13a17b -> 
  custom:container-demuxer-webm: 4f35f7cbe854078d1ac9338744f61a02 -> 
  custom:video-encoder-webm-vp8: eb34c28f22e8b96e1ab97ce403110664 -> 
  custom:CustomObjectIndexerAttribute: bc11b3a6c3213fcdd17b65e7da85e133 -> 
  custom:audio-encoder-webm-vorbis: bf7c407c2cedff20999df2af8eb42d56 -> 
  custom:framework-win-MediaFoundation: 216162199b28c13a410421893ffa2e32 -> 
  custom:container-demuxer-ogg: 62fdf1f143b41e24485cea50d1cbac27 -> 
  custom:video-decoder-webm-vp8: 9c59270c3fd7afecdb556c50c9e8de78 -> 
  custom:audio-decoder-ogg-vorbis: bf7c407c2cedff20999df2af8eb42d56 -> 
========================================================================
Received Import Request.
  Time since last request: 191.469886 seconds.
  path: Assets/Prefabs/L.prefab
  artifactKey: Guid(94b1d5a4cdcb9934ab6f0e6ef83b9aa0) Importer(815301076,1909f56bfc062723c751e8b465ee728b)
Start importing Assets/Prefabs/L.prefab using Guid(94b1d5a4cdcb9934ab6f0e6ef83b9aa0) Importer(815301076,1909f56bfc062723c751e8b465ee728b)  -> (artifact id: '42274322d00e84982ad7b3a7c2fc3288') in 0.110990 seconds 
========================================================================
Received Import Request.
  Time since last request: 7.689895 seconds.
  path: Assets/Prefabs/L.prefab
  artifactKey: Guid(94b1d5a4cdcb9934ab6f0e6ef83b9aa0) Importer(815301076,1909f56bfc062723c751e8b465ee728b)
Start importing Assets/Prefabs/L.prefab using Guid(94b1d5a4cdcb9934ab6f0e6ef83b9aa0) Importer(815301076,1909f56bfc062723c751e8b465ee728b)  -> (artifact id: '29bccc650e5bd8d96b905b852fd09bc5') in 0.022253 seconds 
========================================================================
Received Import Request.
  Time since last request: 0.000021 seconds.
  path: Assets/Prefabs/T.prefab
  artifactKey: Guid(117148f26daa5054494a03441abcb45f) Importer(815301076,1909f56bfc062723c751e8b465ee728b)
Start importing Assets/Prefabs/T.prefab using Guid(117148f26daa5054494a03441abcb45f) Importer(815301076,1909f56bfc062723c751e8b465ee728b)  -> (artifact id: '5a1b90b88f96374ad94c7fd39aa22e29') in 0.059672 seconds 
========================================================================
Received Import Request.
  Time since last request: 6.832962 seconds.
  path: Assets/Prefabs/L.prefab
  artifactKey: Guid(94b1d5a4cdcb9934ab6f0e6ef83b9aa0) Importer(815301076,1909f56bfc062723c751e8b465ee728b)
Start importing Assets/Prefabs/L.prefab using Guid(94b1d5a4cdcb9934ab6f0e6ef83b9aa0) Importer(815301076,1909f56bfc062723c751e8b465ee728b)  -> (artifact id: 'db373a3c301af0322670e2c02e754477') in 0.049248 seconds 
========================================================================
Received Import Request.
  Time since last request: 5.171683 seconds.
  path: Assets/Prefabs/L.prefab
  artifactKey: Guid(94b1d5a4cdcb9934ab6f0e6ef83b9aa0) Importer(815301076,1909f56bfc062723c751e8b465ee728b)
Start importing Assets/Prefabs/L.prefab using Guid(94b1d5a4cdcb9934ab6f0e6ef83b9aa0) Importer(815301076,1909f56bfc062723c751e8b465ee728b)  -> (artifact id: '793a9b206c3f0932f9cba4133aec779d') in 0.013246 seconds 
========================================================================
Received Prepare
Registering precompiled user dll's ...
Registered in 0.003358 seconds.
Begin MonoManager ReloadAssembly
Symbol file LoadedFromMemory doesn't match image D:\unity\KursyRougeLike\Library\PackageCache\com.unity.visualscripting@1.8.0\Editor\VisualScripting.Core\Dependencies\YamlDotNet\Unity.VisualScripting.YamlDotNet.dll
Symbol file LoadedFromMemory doesn't match image D:\unity\KursyRougeLike\Library\PackageCache\com.unity.visualscripting@1.8.0\Editor\VisualScripting.Core\Dependencies\DotNetZip\Unity.VisualScripting.IonicZip.dll
Native extension for WindowsStandalone target not found
Refreshing native plugins compatible for Editor in 0.48 ms, found 3 plugins.
Preloading 0 native plugins for Editor in 0.00 ms.
Mono: successfully reloaded assembly
- Completed reload, in  1.937 seconds
Domain Reload Profiling:
	ReloadAssembly (1938ms)
		BeginReloadAssembly (183ms)
			ExecutionOrderSort (0ms)
			DisableScriptedObjects (5ms)
			BackupInstance (0ms)
			ReleaseScriptingObjects (0ms)
			CreateAndSetChildDomain (38ms)
		EndReloadAssembly (1659ms)
			LoadAssemblies (104ms)
			RebuildTransferFunctionScriptingTraits (0ms)
			SetupTypeCache (540ms)
			ReleaseScriptCaches (3ms)
			RebuildScriptCaches (230ms)
			SetupLoadedEditorAssemblies (590ms)
				LogAssemblyErrors (0ms)
				InitializePlatformSupportModulesInManaged (9ms)
				SetLoadedEditorAssemblies (1ms)
				RefreshPlugins (1ms)
				BeforeProcessingInitializeOnLoad (152ms)
				ProcessInitializeOnLoadAttributes (384ms)
				ProcessInitializeOnLoadMethodAttributes (38ms)
				AfterProcessingInitializeOnLoad (4ms)
				EditorAssembliesLoaded (2ms)
			ExecutionOrderSort2 (0ms)
			AwakeInstancesAfterBackupRestoration (10ms)
Platform modules already initialized, skipping
Refreshing native plugins compatible for Editor in 1.46 ms, found 3 plugins.
Preloading 0 native plugins for Editor in 0.00 ms.
Unloading 3047 Unused Serialized files (Serialized files now loaded: 0)
Unloading 15 unused Assets / (22.0 KB). Loaded Objects now: 3744.
Memory consumption went from 112.7 MB to 112.7 MB.
Total: 10.582700 ms (FindLiveObjects: 0.274900 ms CreateObjectMapping: 0.546700 ms MarkObjects: 9.732400 ms  DeleteObjects: 0.026800 ms)

AssetImportParameters requested are different than current active one (requested -> active):
  custom:video-decoder-ogg-theora: a1e56fd34408186e4bbccfd4996cb3dc -> 
  custom:container-muxer-webm: aa71ff27fc2769a1b78a27578f13a17b -> 
  custom:container-demuxer-webm: 4f35f7cbe854078d1ac9338744f61a02 -> 
  custom:video-encoder-webm-vp8: eb34c28f22e8b96e1ab97ce403110664 -> 
  custom:CustomObjectIndexerAttribute: bc11b3a6c3213fcdd17b65e7da85e133 -> 
  custom:audio-encoder-webm-vorbis: bf7c407c2cedff20999df2af8eb42d56 -> 
  custom:framework-win-MediaFoundation: 216162199b28c13a410421893ffa2e32 -> 
  custom:container-demuxer-ogg: 62fdf1f143b41e24485cea50d1cbac27 -> 
  custom:video-decoder-webm-vp8: 9c59270c3fd7afecdb556c50c9e8de78 -> 
  custom:audio-decoder-ogg-vorbis: bf7c407c2cedff20999df2af8eb42d56 -> 
